t,V
-3600,0.049802891422343384
-3599.0999999999999,2.1245902645755308
-3598.1999999999998,2.1171670539381315
-3597.2999999999997,2.1171670539381315
-3596.3999999999996,2.1208786592568316
-3595.5,2.1171670539381315
-3594.5999999999999,2.1171670539381315
-3593.6999999999998,2.1208786592568316
-3592.7999999999997,2.1208786592568316
-3591.8999999999996,2.1208786592568316
-3591,2.1208786592568316
-3590.0999999999999,2.1171670539381315
-3589.1999999999998,2.1208786592568316
-3588.2999999999997,2.1208786592568316
-3587.3999999999996,2.1208786592568316
-3586.5,2.1208786592568316
-3585.5999999999999,2.1208786592568316
-3584.6999999999998,2.1208786592568316
-3583.7999999999997,2.1208786592568316
-3582.8999999999996,2.1208786592568316
-3582,2.1208786592568316
-3581.0999999999999,2.1208786592568316
-3580.1999999999998,2.1208786592568316
-3579.2999999999997,2.1208786592568316
-3578.3999999999996,2.1208786592568316
-3577.5,2.1208786592568316
-3576.5999999999999,2.1208786592568316
-3575.6999999999998,2.1208786592568316
-3574.7999999999997,2.1208786592568316
-3573.8999999999996,2.1208786592568316
-3573,2.1208786592568316
-3572.0999999999999,2.1208786592568316
-3571.1999999999998,2.1208786592568316
-3570.2999999999997,2.1208786592568316
-3569.3999999999996,2.1208786592568316
-3568.5,2.1208786592568316
-3567.5999999999999,2.1208786592568316
-3566.6999999999998,2.1208786592568316
-3565.7999999999997,2.1245902645755308
-3564.8999999999996,2.124590264575529
-3564,2.1208786592568316
-3563.0999999999999,2.1208786592568316
-3562.1999999999998,2.1208786592568316
-3561.2999999999997,2.1208786592568316
-3560.3999999999996,2.1208786592568334
-3559.5,2.1245902645755308
-3558.5999999999999,2.1208786592568316
-3557.6999999999998,2.1208786592568316
-3556.7999999999997,2.1208786592568316
-3555.8999999999996,2.124590264575529
-3555,2.1208786592568316
-3554.0999999999999,2.1208786592568316
-3553.1999999999998,2.1208786592568316
-3552.2999999999997,2.1245902645755308
-3551.3999999999996,2.1245902645755308
-3550.5,2.1245902645755308
-3549.5999999999999,2.1208786592568316
-3548.6999999999998,2.1208786592568316
-3547.7999999999997,2.1208786592568316
-3546.8999999999996,2.124590264575529
-3546,2.1208786592568316
-3545.0999999999999,2.1208786592568316
-3544.1999999999998,2.1208786592568316
-3543.2999999999997,2.1208786592568316
-3542.3999999999996,2.124590264575529
-3541.5,2.1208786592568316
-3540.5999999999999,2.1208786592568316
-3539.6999999999998,2.1208786592568316
-3538.7999999999997,2.1245902645755308
-3537.8999999999996,2.1245902645755308
-3537,2.1245902645755308
-3536.0999999999999,2.1245902645755308
-3535.1999999999998,2.1245902645755308
-3534.2999999999997,2.1245902645755308
-3533.3999999999996,2.1245902645755308
-3532.5,2.1245902645755308
-3531.5999999999999,2.1245902645755308
-3530.6999999999998,2.1245902645755308
-3529.7999999999997,2.1245902645755308
-3528.8999999999996,2.1245902645755308
-3528,2.1245902645755308
-3527.0999999999999,2.1245902645755308
-3526.1999999999998,2.1245902645755308
-3525.2999999999997,2.1245902645755308
-3524.3999999999996,2.1245902645755308
-3523.5,2.1245902645755308
-3522.5999999999999,2.1245902645755308
-3521.6999999999998,2.1245902645755308
-3520.7999999999997,2.1245902645755308
-3519.8999999999996,2.1245902645755308
-3519,2.1245902645755308
-3518.0999999999999,2.1245902645755308
-3517.1999999999998,2.1245902645755308
-3516.2999999999997,2.1245902645755308
-3515.3999999999996,2.1245902645755308
-3514.5,2.1245902645755308
-3513.5999999999999,2.1245902645755308
-3512.6999999999998,2.1245902645755308
-3511.7999999999997,2.1245902645755308
-3510.8999999999996,2.1245902645755308
-3510,2.1245902645755308
-3509.0999999999999,2.1245902645755308
-3508.1999999999998,2.1245902645755308
-3507.2999999999997,2.1245902645755308
-3506.3999999999996,2.1245902645755308
-3505.5,2.1245902645755308
-3504.5999999999999,2.1208786592568316
-3503.6999999999998,2.1245902645755308
-3502.7999999999997,2.1245902645755308
-3501.8999999999996,2.1245902645755308
-3501,2.1245902645755308
-3500.0999999999999,2.1245902645755308
-3499.1999999999998,2.1245902645755308
-3498.2999999999997,2.1245902645755308
-3497.3999999999996,2.1245902645755308
-3496.5,2.1245902645755308
-3495.5999999999999,2.1245902645755308
-3494.6999999999998,2.1245902645755308
-3493.7999999999997,2.1245902645755308
-3492.8999999999996,2.1245902645755308
-3492,2.1245902645755308
-3491.0999999999999,2.1245902645755308
-3490.1999999999998,2.1245902645755308
-3489.2999999999997,2.1245902645755308
-3488.3999999999996,2.124590264575529
-3487.5,2.1208786592568316
-3486.5999999999999,2.1245902645755308
-3485.6999999999998,2.1208786592568316
-3484.7999999999997,2.1245902645755308
-3483.8999999999996,2.1245902645755308
-3483,2.1245902645755308
-3482.0999999999999,2.1245902645755308
-3481.1999999999998,2.1245902645755308
-3480.2999999999997,2.1245902645755308
-3479.3999999999996,2.1245902645755308
-3478.5,2.1245902645755308
-3477.5999999999999,2.1245902645755308
-3476.6999999999998,2.1245902645755308
-3475.7999999999997,2.1245902645755308
-3474.8999999999996,2.1245902645755308
-3474,2.1245902645755308
-3473.0999999999999,2.1245902645755308
-3472.1999999999998,2.1245902645755308
-3471.2999999999997,2.1245902645755308
-3470.3999999999996,2.1245902645755308
-3469.5,2.1245902645755308
-3468.5999999999999,2.1208786592568316
-3467.6999999999998,2.1208786592568316
-3466.7999999999997,2.1208786592568316
-3465.8999999999996,2.1208786592568316
-3465,2.1208786592568316
-3464.0999999999999,2.1208786592568316
-3463.1999999999998,2.1208786592568316
-3462.2999999999997,2.1208786592568316
-3461.3999999999996,2.1208786592568316
-3460.5,2.1208786592568316
-3459.5999999999999,2.1208786592568316
-3458.6999999999998,2.1208786592568316
-3457.7999999999997,2.1208786592568316
-3456.8999999999996,2.1208786592568316
-3456,2.1208786592568316
-3455.0999999999999,2.1208786592568316
-3454.1999999999998,2.1208786592568316
-3453.2999999999997,2.1208786592568316
-3452.3999999999996,2.1208786592568316
-3451.5,2.1208786592568316
-3450.5999999999999,2.1208786592568316
-3449.6999999999998,2.1208786592568316
-3448.7999999999997,2.1208786592568316
-3447.8999999999996,2.1208786592568316
-3447,2.1208786592568316
-3446.0999999999999,2.1208786592568316
-3445.1999999999998,2.1208786592568316
-3444.2999999999997,2.1208786592568316
-3443.3999999999996,2.1208786592568316
-3442.5,2.1208786592568316
-3441.5999999999999,2.1208786592568316
-3440.6999999999998,2.1208786592568316
-3439.7999999999997,2.1208786592568316
-3438.8999999999996,2.1208786592568316
-3438,2.1208786592568316
-3437.0999999999999,2.1208786592568316
-3436.1999999999998,2.1208786592568316
-3435.2999999999997,2.1208786592568316
-3434.3999999999996,2.1208786592568316
-3433.5,2.1208786592568316
-3432.5999999999999,2.1208786592568316
-3431.6999999999998,2.1208786592568316
-3430.7999999999997,2.1208786592568316
-3429.8999999999996,2.1208786592568316
-3429,2.1208786592568316
-3428.0999999999999,2.1208786592568316
-3427.1999999999998,2.1208786592568316
-3426.2999999999997,2.1208786592568316
-3425.3999999999996,2.1208786592568316
-3424.5,2.1208786592568316
-3423.5999999999999,2.1208786592568316
-3422.6999999999998,2.1171670539381315
-3421.7999999999997,2.1208786592568316
-3420.8999999999996,2.1208786592568316
-3420,2.1208786592568316
-3419.0999999999999,2.1208786592568316
-3418.1999999999998,2.1208786592568316
-3417.2999999999997,2.1208786592568316
-3416.3999999999996,2.1208786592568298
-3415.5,2.1171670539381315
-3414.5999999999999,2.1171670539381315
-3413.6999999999998,2.1171670539381315
-3412.7999999999997,2.1171670539381315
-3411.8999999999996,2.1171670539381315
-3411,2.1171670539381315
-3410.0999999999999,2.1171670539381315
-3409.1999999999998,2.1171670539381315
-3408.2999999999997,2.1171670539381315
-3407.3999999999996,2.1171670539381315
-3406.5,2.1171670539381315
-3405.5999999999999,2.1171670539381315
-3404.6999999999998,2.1171670539381315
-3403.7999999999997,2.1171670539381315
-3402.8999999999996,2.1171670539381315
-3402,2.1171670539381315
-3401.0999999999999,2.1171670539381315
-3400.1999999999998,2.1171670539381315
-3399.2999999999997,2.1171670539381315
-3398.3999999999996,2.1171670539381315
-3397.5,2.1171670539381315
-3396.5999999999999,2.1171670539381315
-3395.6999999999998,2.1171670539381315
-3394.7999999999997,2.1171670539381315
-3393.8999999999996,2.1171670539381315
-3393,2.1171670539381315
-3392.0999999999999,2.1171670539381315
-3391.1999999999998,2.1171670539381315
-3390.2999999999997,2.1171670539381315
-3389.3999999999996,2.1171670539381315
-3388.5,2.1171670539381315
-3387.5999999999999,2.1171670539381315
-3386.6999999999998,2.1171670539381315
-3385.7999999999997,2.1171670539381315
-3384.8999999999996,2.1171670539381315
-3384,2.1171670539381315
-3383.0999999999999,2.1171670539381315
-3382.1999999999998,2.1171670539381315
-3381.2999999999997,2.1134554486194315
-3380.3999999999996,2.1171670539381298
-3379.5,2.1134554486194315
-3378.5999999999999,2.1134554486194315
-3377.6999999999998,2.1134554486194315
-3376.7999999999997,2.1134554486194315
-3375.8999999999996,2.1134554486194315
-3375,2.1134554486194315
-3374.0999999999999,2.1134554486194315
-3373.1999999999998,2.1134554486194315
-3372.2999999999997,2.1134554486194315
-3371.3999999999996,2.1134554486194315
-3370.5,2.1134554486194315
-3369.5999999999999,2.1134554486194315
-3368.6999999999998,2.1134554486194315
-3367.7999999999997,2.1134554486194315
-3366.8999999999996,2.1134554486194315
-3366,2.1134554486194315
-3365.0999999999999,2.1134554486194315
-3364.1999999999998,2.1134554486194315
-3363.2999999999997,2.1134554486194315
-3362.3999999999996,2.1134554486194315
-3361.5,2.1134554486194315
-3360.5999999999999,2.1134554486194315
-3359.6999999999998,2.1134554486194315
-3358.7999999999997,2.1134554486194315
-3357.8999999999996,2.1134554486194315
-3357,2.1134554486194315
-3356.0999999999999,2.1134554486194315
-3355.1999999999998,2.1134554486194315
-3354.2999999999997,2.1134554486194315
-3353.3999999999996,2.1134554486194297
-3352.5,2.1097438433007314
-3351.5999999999999,2.1097438433007314
-3350.6999999999998,2.1097438433007314
-3349.7999999999997,2.1097438433007314
-3348.8999999999996,2.1097438433007314
-3348,2.1097438433007314
-3347.0999999999999,2.1097438433007314
-3346.1999999999998,2.1097438433007314
-3345.2999999999997,2.1097438433007314
-3344.3999999999996,2.1097438433007314
-3343.5,2.1097438433007314
-3342.5999999999999,2.1097438433007314
-3341.6999999999998,2.1097438433007314
-3340.7999999999997,2.1097438433007314
-3339.8999999999996,2.1097438433007314
-3339,2.1097438433007314
-3338.0999999999999,2.1097438433007314
-3337.1999999999998,2.1097438433007314
-3336.2999999999997,2.1097438433007314
-3335.3999999999996,2.1097438433007314
-3334.5,2.1097438433007314
-3333.5999999999999,2.1097438433007314
-3332.6999999999998,2.1097438433007314
-3331.7999999999997,2.1097438433007314
-3330.8999999999996,2.1097438433007314
-3330,2.1097438433007314
-3329.0999999999999,2.1060322379820322
-3328.1999999999998,2.1060322379820322
-3327.2999999999997,2.1097438433007314
-3326.3999999999996,2.1097438433007296
-3325.5,2.1060322379820322
-3324.5999999999999,2.1060322379820322
-3323.6999999999998,2.1060322379820322
-3322.7999999999997,2.1060322379820322
-3321.8999999999996,2.1060322379820322
-3321,2.1060322379820322
-3320.0999999999999,2.1060322379820322
-3319.1999999999998,2.1060322379820322
-3318.2999999999997,2.1060322379820322
-3317.3999999999996,2.1060322379820322
-3316.5,2.1060322379820322
-3315.5999999999999,2.1060322379820322
-3314.6999999999998,2.1060322379820322
-3313.7999999999997,2.1060322379820322
-3312.8999999999996,2.1060322379820322
-3312,2.1060322379820322
-3311.0999999999999,2.1060322379820322
-3310.1999999999998,2.1060322379820322
-3309.2999999999997,2.1060322379820322
-3308.3999999999996,2.1060322379820322
-3307.5,2.1060322379820322
-3306.5999999999999,2.1060322379820322
-3305.6999999999998,2.1060322379820322
-3304.7999999999997,2.1060322379820322
-3303.8999999999996,2.1060322379820322
-3303,2.1060322379820322
-3302.0999999999999,2.1060322379820322
-3301.1999999999998,2.1060322379820322
-3300.2999999999997,2.1023206326633321
-3299.3999999999996,2.1023206326633321
-3298.5,2.1023206326633321
-3297.5999999999999,2.1023206326633321
-3296.6999999999998,2.1023206326633321
-3295.7999999999997,2.1023206326633321
-3294.8999999999996,2.1023206326633321
-3294,2.1023206326633321
-3293.0999999999999,2.1023206326633321
-3292.1999999999998,2.1023206326633321
-3291.2999999999997,2.1023206326633321
-3290.3999999999996,2.1023206326633321
-3289.5,2.1023206326633321
-3288.5999999999999,2.1023206326633321
-3287.6999999999998,2.1023206326633321
-3286.7999999999997,2.1023206326633321
-3285.8999999999996,2.1023206326633321
-3285,2.1023206326633321
-3284.0999999999999,2.1023206326633321
-3283.1999999999998,2.1023206326633321
-3282.2999999999997,2.1023206326633321
-3281.3999999999996,2.1023206326633321
-3280.5,2.1023206326633321
-3279.5999999999999,2.1023206326633321
-3278.6999999999998,2.1023206326633321
-3277.7999999999997,2.1023206326633321
-3276.8999999999996,2.1023206326633321
-3276,2.1023206326633321
-3275.0999999999999,2.1023206326633321
-3274.1999999999998,2.0986090273446321
-3273.2999999999997,2.0986090273446321
-3272.3999999999996,2.0986090273446321
-3271.5,2.0986090273446321
-3270.5999999999999,2.0986090273446321
-3269.6999999999998,2.0986090273446321
-3268.7999999999997,2.0986090273446321
-3267.8999999999996,2.0986090273446321
-3267,2.0986090273446321
-3266.0999999999999,2.0986090273446321
-3265.1999999999998,2.0986090273446321
-3264.2999999999997,2.0986090273446321
-3263.3999999999996,2.0986090273446321
-3262.5,2.0986090273446321
-3261.5999999999999,2.0986090273446321
-3260.6999999999998,2.0986090273446321
-3259.7999999999997,2.0986090273446321
-3258.8999999999996,2.0986090273446321
-3258,2.0986090273446321
-3257.0999999999999,2.0986090273446321
-3256.1999999999998,2.0986090273446321
-3255.2999999999997,2.0986090273446321
-3254.3999999999996,2.0986090273446303
-3253.5,2.0948974220259329
-3252.5999999999999,2.0948974220259329
-3251.6999999999998,2.0948974220259329
-3250.7999999999997,2.0986090273446321
-3249.8999999999996,2.0986090273446303
-3249,2.0948974220259329
-3248.0999999999999,2.0948974220259329
-3247.1999999999998,2.0948974220259329
-3246.2999999999997,2.0948974220259329
-3245.3999999999996,2.0948974220259329
-3244.5,2.0948974220259329
-3243.5999999999999,2.0948974220259329
-3242.6999999999998,2.0948974220259329
-3241.7999999999997,2.0948974220259329
-3240.8999999999996,2.0948974220259329
-3240,2.0948974220259329
-3239.0999999999999,2.0948974220259329
-3238.1999999999998,2.0948974220259329
-3237.2999999999997,2.0948974220259329
-3236.3999999999996,2.0948974220259329
-3235.5,2.0948974220259329
-3234.5999999999999,2.0948974220259329
-3233.6999999999998,2.0948974220259329
-3232.7999999999997,2.0911858167072328
-3231.8999999999996,2.0948974220259311
-3231,2.0911858167072328
-3230.0999999999999,2.0911858167072328
-3229.1999999999998,2.0911858167072328
-3228.2999999999997,2.0911858167072328
-3227.3999999999996,2.0911858167072328
-3226.5,2.0911858167072328
-3225.5999999999999,2.0911858167072328
-3224.6999999999998,2.0911858167072328
-3223.7999999999997,2.0911858167072328
-3222.8999999999996,2.0911858167072328
-3222,2.0911858167072328
-3221.0999999999999,2.0911858167072328
-3220.1999999999998,2.0911858167072328
-3219.2999999999997,2.0911858167072328
-3218.3999999999996,2.0911858167072328
-3217.5,2.0911858167072328
-3216.5999999999999,2.0911858167072328
-3215.6999999999998,2.0911858167072328
-3214.7999999999997,2.0911858167072328
-3213.8999999999996,2.091185816707231
-3213,2.0874742113885327
-3212.0999999999999,2.0911858167072328
-3211.1999999999998,2.0911858167072328
-3210.2999999999997,2.0911858167072328
-3209.3999999999996,2.091185816707231
-3208.5,2.0874742113885327
-3207.5999999999999,2.0874742113885327
-3206.6999999999998,2.0874742113885327
-3205.7999999999997,2.0874742113885327
-3204.8999999999996,2.0874742113885327
-3204,2.0874742113885327
-3203.0999999999999,2.0874742113885327
-3202.1999999999998,2.0874742113885327
-3201.2999999999997,2.0874742113885327
-3200.3999999999996,2.0874742113885327
-3199.5,2.0874742113885327
-3198.5999999999999,2.0874742113885327
-3197.6999999999998,2.0874742113885327
-3196.7999999999997,2.0874742113885327
-3195.8999999999996,2.0874742113885327
-3195,2.0874742113885327
-3194.0999999999999,2.0874742113885327
-3193.1999999999998,2.0874742113885327
-3192.2999999999997,2.0874742113885327
-3191.3999999999996,2.0874742113885327
-3190.5,2.0874742113885327
-3189.5999999999999,2.0874742113885327
-3188.6999999999998,2.0874742113885327
-3187.7999999999997,2.0874742113885327
-3186.8999999999996,2.0874742113885327
-3186,2.0874742113885327
-3185.0999999999999,2.0874742113885327
-3184.1999999999998,2.0874742113885327
-3183.2999999999997,2.0874742113885327
-3182.3999999999996,2.0874742113885327
-3181.5,2.0874742113885327
-3180.5999999999999,2.0874742113885327
-3179.6999999999998,2.0837626060698335
-3178.7999999999997,2.0837626060698335
-3177.8999999999996,2.0837626060698335
-3177,2.0837626060698335
-3176.0999999999999,2.0837626060698335
-3175.1999999999998,2.0837626060698335
-3174.2999999999997,2.0837626060698335
-3173.3999999999996,2.0837626060698335
-3172.5,2.0837626060698335
-3171.5999999999999,2.0837626060698335
-3170.6999999999998,2.0837626060698335
-3169.7999999999997,2.0837626060698335
-3168.8999999999996,2.0837626060698335
-3168,2.0837626060698335
-3167.0999999999999,2.0837626060698335
-3166.1999999999998,2.0837626060698335
-3165.2999999999997,2.0837626060698335
-3164.3999999999996,2.0837626060698335
-3163.5,2.0837626060698335
-3162.5999999999999,2.0837626060698335
-3161.6999999999998,2.0837626060698335
-3160.7999999999997,2.0837626060698335
-3159.8999999999996,2.0837626060698335
-3159,2.0837626060698335
-3158.0999999999999,2.0837626060698335
-3157.1999999999998,2.0837626060698335
-3156.2999999999997,2.0837626060698335
-3155.3999999999996,2.0837626060698335
-3154.5,2.0837626060698335
-3153.5999999999999,2.0837626060698335
-3152.6999999999998,2.0837626060698335
-3151.7999999999997,2.0837626060698335
-3150.8999999999996,2.0837626060698335
-3150,2.0837626060698335
-3149.0999999999999,2.0837626060698335
-3148.1999999999998,2.0837626060698335
-3147.2999999999997,2.0837626060698335
-3146.3999999999996,2.0837626060698335
-3145.5,2.0837626060698335
-3144.5999999999999,2.0800510007511335
-3143.6999999999998,2.0800510007511335
-3142.7999999999997,2.0800510007511335
-3141.8999999999996,2.0800510007511335
-3141,2.0800510007511335
-3140.0999999999999,2.0837626060698335
-3139.1999999999998,2.0837626060698335
-3138.2999999999997,2.0800510007511335
-3137.3999999999996,2.0800510007511335
-3136.5,2.0800510007511335
-3135.5999999999999,2.0800510007511335
-3134.6999999999998,2.0800510007511335
-3133.7999999999997,2.0800510007511335
-3132.8999999999996,2.0800510007511335
-3132,2.0800510007511335
-3131.0999999999999,2.0800510007511335
-3130.1999999999998,2.0800510007511335
-3129.2999999999997,2.0800510007511335
-3128.3999999999996,2.0800510007511335
-3127.5,2.0800510007511335
-3126.5999999999999,2.0800510007511335
-3125.6999999999998,2.0800510007511335
-3124.7999999999997,2.0800510007511335
-3123.8999999999996,2.0800510007511335
-3123,2.0800510007511335
-3122.0999999999999,2.0800510007511335
-3121.1999999999998,2.0800510007511335
-3120.2999999999997,2.0800510007511335
-3119.3999999999996,2.0800510007511317
-3118.5,2.0763393954324334
-3117.5999999999999,2.0763393954324334
-3116.6999999999998,2.0763393954324334
-3115.7999999999997,2.0763393954324334
-3114.8999999999996,2.0763393954324334
-3114,2.0763393954324334
-3113.0999999999999,2.0763393954324334
-3112.1999999999998,2.0763393954324334
-3111.2999999999997,2.0763393954324334
-3110.3999999999996,2.0763393954324334
-3109.5,2.0763393954324334
-3108.5999999999999,2.0763393954324334
-3107.6999999999998,2.0763393954324334
-3106.7999999999997,2.0763393954324334
-3105.8999999999996,2.0763393954324334
-3105,2.0763393954324334
-3104.0999999999999,2.0763393954324334
-3103.1999999999998,2.0763393954324334
-3102.2999999999997,2.0763393954324334
-3101.3999999999996,2.0763393954324334
-3100.5,2.0763393954324334
-3099.5999999999999,2.0763393954324334
-3098.6999999999998,2.0763393954324334
-3097.7999999999997,2.0763393954324334
-3096.8999999999996,2.0763393954324334
-3096,2.0763393954324334
-3095.0999999999999,2.0763393954324334
-3094.1999999999998,2.0763393954324334
-3093.2999999999997,2.0763393954324334
-3092.3999999999996,2.0763393954324334
-3091.5,2.0763393954324334
-3090.5999999999999,2.0763393954324334
-3089.6999999999998,2.0763393954324334
-3088.7999999999997,2.0763393954324334
-3087.8999999999996,2.0763393954324334
-3087,2.0763393954324334
-3086.0999999999999,2.0763393954324334
-3085.1999999999998,2.0763393954324334
-3084.2999999999997,2.0763393954324334
-3083.3999999999996,2.0763393954324334
-3082.5,2.0763393954324334
-3081.5999999999999,2.0763393954324334
-3080.6999999999998,2.0726277901137342
-3079.7999999999997,2.0726277901137342
-3078.8999999999996,2.0726277901137342
-3078,2.0726277901137342
-3077.0999999999999,2.0726277901137342
-3076.1999999999998,2.0726277901137342
-3075.2999999999997,2.0726277901137342
-3074.3999999999996,2.0726277901137342
-3073.5,2.0726277901137342
-3072.5999999999999,2.0726277901137342
-3071.6999999999998,2.0726277901137342
-3070.7999999999997,2.0726277901137342
-3069.9000000000001,2.0726277901137342
-3069,2.0726277901137342
-3068.0999999999999,2.0726277901137342
-3067.1999999999998,2.0726277901137342
-3066.2999999999997,2.0726277901137342
-3065.4000000000001,2.0726277901137342
-3064.5,2.0726277901137342
-3063.5999999999999,2.0726277901137342
-3062.6999999999998,2.0726277901137342
-3061.7999999999997,2.0726277901137342
-3060.9000000000001,2.0726277901137342
-3060,2.0726277901137342
-3059.0999999999999,2.0726277901137342
-3058.1999999999998,2.0726277901137342
-3057.2999999999997,2.0726277901137342
-3056.4000000000001,2.0726277901137342
-3055.5,2.0726277901137342
-3054.5999999999999,2.0726277901137342
-3053.6999999999998,2.0726277901137342
-3052.7999999999997,2.0689161847950341
-3051.9000000000001,2.0689161847950341
-3051,2.0689161847950341
-3050.0999999999999,2.0689161847950341
-3049.1999999999998,2.0689161847950341
-3048.2999999999997,2.0689161847950341
-3047.4000000000001,2.0689161847950341
-3046.5,2.0689161847950341
-3045.5999999999999,2.0689161847950341
-3044.6999999999998,2.0689161847950341
-3043.7999999999997,2.0689161847950341
-3042.9000000000001,2.0689161847950341
-3042,2.0689161847950341
-3041.0999999999999,2.0689161847950341
-3040.1999999999998,2.0689161847950341
-3039.2999999999997,2.0689161847950341
-3038.4000000000001,2.0689161847950341
-3037.5,2.0689161847950341
-3036.5999999999999,2.0689161847950341
-3035.6999999999998,2.0689161847950341
-3034.7999999999997,2.0689161847950341
-3033.9000000000001,2.0689161847950341
-3033,2.0689161847950341
-3032.0999999999999,2.0689161847950341
-3031.1999999999998,2.0689161847950341
-3030.2999999999997,2.0689161847950341
-3029.4000000000001,2.0689161847950341
-3028.5,2.0689161847950341
-3027.5999999999999,2.0689161847950341
-3026.6999999999998,2.0689161847950341
-3025.7999999999997,2.0689161847950341
-3024.9000000000001,2.0689161847950341
-3024,2.0689161847950341
-3023.0999999999999,2.0689161847950341
-3022.1999999999998,2.0689161847950341
-3021.2999999999997,2.0689161847950341
-3020.4000000000001,2.0689161847950341
-3019.5,2.0689161847950341
-3018.5999999999999,2.0689161847950341
-3017.6999999999998,2.0689161847950341
-3016.7999999999997,2.0689161847950341
-3015.9000000000001,2.0689161847950341
-3015,2.0689161847950341
-3014.0999999999999,2.0689161847950341
-3013.1999999999998,2.0689161847950341
-3012.2999999999997,2.0689161847950341
-3011.4000000000001,2.0689161847950341
-3010.5,2.0652045794763341
-3009.5999999999999,2.0652045794763341
-3008.6999999999998,2.0652045794763341
-3007.7999999999997,2.0652045794763341
-3006.9000000000001,2.0689161847950324
-3006,2.0652045794763341
-3005.0999999999999,2.0652045794763341
-3004.1999999999998,2.0652045794763341
-3003.2999999999997,2.0652045794763341
-3002.4000000000001,2.0652045794763341
-3001.5,2.0652045794763341
-3000.5999999999999,2.0652045794763341
-2999.6999999999998,2.0652045794763341
-2998.7999999999997,2.0652045794763341
-2997.9000000000001,2.0652045794763341
-2997,2.0652045794763341
-2996.0999999999999,2.0652045794763341
-2995.1999999999998,2.0689161847950341
-2994.2999999999997,2.0689161847950341
-2993.4000000000001,2.0652045794763358
-2992.5,2.0652045794763341
-2991.5999999999999,2.0652045794763341
-2990.6999999999998,2.0652045794763341
-2989.7999999999997,2.0652045794763341
-2988.9000000000001,2.0652045794763341
-2988,2.0652045794763341
-2987.0999999999999,2.0652045794763341
-2986.1999999999998,2.0652045794763341
-2985.2999999999997,2.0652045794763341
-2984.4000000000001,2.0652045794763341
-2983.5,2.0652045794763341
-2982.5999999999999,2.061492974157634
-2981.6999999999998,2.061492974157634
-2980.7999999999997,2.061492974157634
-2979.9000000000001,2.061492974157634
-2979,2.061492974157634
-2978.0999999999999,2.061492974157634
-2977.1999999999998,2.0652045794763341
-2976.2999999999997,2.0652045794763341
-2975.4000000000001,2.0652045794763341
-2974.5,2.0652045794763341
-2973.5999999999999,2.061492974157634
-2972.6999999999998,2.061492974157634
-2971.7999999999997,2.061492974157634
-2970.9000000000001,2.0652045794763323
-2970,2.061492974157634
-2969.0999999999999,2.061492974157634
-2968.1999999999998,2.061492974157634
-2967.2999999999997,2.061492974157634
-2966.4000000000001,2.061492974157634
-2965.5,2.061492974157634
-2964.5999999999999,2.061492974157634
-2963.6999999999998,2.061492974157634
-2962.7999999999997,2.061492974157634
-2961.9000000000001,2.061492974157634
-2961,2.061492974157634
-2960.0999999999999,2.061492974157634
-2959.1999999999998,2.061492974157634
-2958.2999999999997,2.061492974157634
-2957.4000000000001,2.061492974157634
-2956.5,2.061492974157634
-2955.5999999999999,2.061492974157634
-2954.6999999999998,2.061492974157634
-2953.7999999999997,2.061492974157634
-2952.9000000000001,2.061492974157634
-2952,2.061492974157634
-2951.0999999999999,2.061492974157634
-2950.1999999999998,2.061492974157634
-2949.2999999999997,2.061492974157634
-2948.4000000000001,2.061492974157634
-2947.5,2.061492974157634
-2946.5999999999999,2.061492974157634
-2945.6999999999998,2.061492974157634
-2944.7999999999997,2.061492974157634
-2943.9000000000001,2.061492974157634
-2943,2.061492974157634
-2942.0999999999999,2.061492974157634
-2941.1999999999998,2.061492974157634
-2940.2999999999997,2.061492974157634
-2939.4000000000001,2.061492974157634
-2938.5,2.0577813688389348
-2937.5999999999999,2.061492974157634
-2936.6999999999998,2.061492974157634
-2935.7999999999997,2.0577813688389348
-2934.9000000000001,2.0577813688389348
-2934,2.0577813688389348
-2933.0999999999999,2.0577813688389348
-2932.1999999999998,2.061492974157634
-2931.2999999999997,2.0577813688389348
-2930.4000000000001,2.0614929741576322
-2929.5,2.061492974157634
-2928.5999999999999,2.061492974157634
-2927.6999999999998,2.061492974157634
-2926.7999999999997,2.061492974157634
-2925.9000000000001,2.061492974157634
-2925,2.0577813688389348
-2924.0999999999999,2.061492974157634
-2923.1999999999998,2.0577813688389348
-2922.2999999999997,2.0577813688389348
-2921.4000000000001,2.0577813688389348
-2920.5,2.0577813688389348
-2919.5999999999999,2.0577813688389348
-2918.6999999999998,2.0577813688389348
-2917.7999999999997,2.0577813688389348
-2916.9000000000001,2.0577813688389348
-2916,2.0577813688389348
-2915.0999999999999,2.0577813688389348
-2914.1999999999998,2.0577813688389348
-2913.2999999999997,2.0577813688389348
-2912.4000000000001,2.0577813688389348
-2911.5,2.0577813688389348
-2910.5999999999999,2.0577813688389348
-2909.6999999999998,2.0577813688389348
-2908.7999999999997,2.0577813688389348
-2907.9000000000001,2.0577813688389348
-2907,2.0577813688389348
-2906.0999999999999,2.0577813688389348
-2905.1999999999998,2.0577813688389348
-2904.2999999999997,2.0577813688389348
-2903.4000000000001,2.0577813688389348
-2902.5,2.0577813688389348
-2901.5999999999999,2.0577813688389348
-2900.6999999999998,2.0577813688389348
-2899.7999999999997,2.0577813688389348
-2898.9000000000001,2.0577813688389348
-2898,2.0577813688389348
-2897.0999999999999,2.0577813688389348
-2896.1999999999998,2.0577813688389348
-2895.2999999999997,2.0577813688389348
-2894.4000000000001,2.0577813688389348
-2893.5,2.0540697635202347
-2892.5999999999999,2.0540697635202347
-2891.6999999999998,2.0540697635202347
-2890.7999999999997,2.0540697635202347
-2889.9000000000001,2.057781368838933
-2889,2.0540697635202347
-2888.0999999999999,2.0540697635202347
-2887.1999999999998,2.0540697635202347
-2886.2999999999997,2.0540697635202347
-2885.4000000000001,2.0540697635202347
-2884.5,2.0540697635202347
-2883.5999999999999,2.0540697635202347
-2882.6999999999998,2.0540697635202347
-2881.7999999999997,2.0540697635202347
-2880.9000000000001,2.0540697635202347
-2880,2.0540697635202347
-2879.0999999999999,2.0540697635202347
-2878.1999999999998,2.0540697635202347
-2877.2999999999997,2.0540697635202347
-2876.4000000000001,2.0540697635202347
-2875.5,2.0540697635202347
-2874.5999999999999,2.0540697635202347
-2873.6999999999998,2.0540697635202347
-2872.7999999999997,2.0540697635202347
-2871.9000000000001,2.0540697635202347
-2871,2.0540697635202347
-2870.0999999999999,2.0540697635202347
-2869.1999999999998,2.0540697635202347
-2868.2999999999997,2.0540697635202347
-2867.4000000000001,2.0540697635202347
-2866.5,2.0540697635202347
-2865.5999999999999,2.0540697635202347
-2864.6999999999998,2.0540697635202347
-2863.7999999999997,2.0540697635202347
-2862.9000000000001,2.0540697635202347
-2862,2.0540697635202347
-2861.0999999999999,2.0540697635202347
-2860.1999999999998,2.0540697635202347
-2859.2999999999997,2.0540697635202347
-2858.4000000000001,2.0540697635202347
-2857.5,2.0540697635202347
-2856.5999999999999,2.0540697635202347
-2855.6999999999998,2.0540697635202347
-2854.7999999999997,2.0540697635202347
-2853.9000000000001,2.0540697635202347
-2853,2.0540697635202347
-2852.0999999999999,2.0540697635202347
-2851.1999999999998,2.0540697635202347
-2850.2999999999997,2.0540697635202347
-2849.4000000000001,2.0540697635202347
-2848.5,2.0503581582015347
-2847.5999999999999,2.0503581582015347
-2846.6999999999998,2.0503581582015347
-2845.7999999999997,2.0503581582015347
-2844.9000000000001,2.0503581582015347
-2844,2.0540697635202347
-2843.0999999999999,2.0540697635202347
-2842.1999999999998,2.0503581582015347
-2841.2999999999997,2.0503581582015347
-2840.4000000000001,2.0503581582015347
-2839.5,2.0503581582015347
-2838.5999999999999,2.0503581582015347
-2837.6999999999998,2.0503581582015347
-2836.7999999999997,2.0503581582015347
-2835.9000000000001,2.0503581582015347
-2835,2.0503581582015347
-2834.0999999999999,2.0503581582015347
-2833.1999999999998,2.0503581582015347
-2832.2999999999997,2.0503581582015347
-2831.4000000000001,2.0466465528828373
-2830.5,2.0466465528828355
-2829.5999999999999,2.0466465528828355
-2828.6999999999998,2.0429349475641354
-2827.7999999999997,2.0466465528828355
-2826.9000000000001,2.0466465528828355
-2826,2.0466465528828355
-2825.0999999999999,2.0429349475641354
-2824.1999999999998,2.0466465528828355
-2823.2999999999997,2.0466465528828355
-2822.4000000000001,2.0466465528828355
-2821.5,2.0466465528828355
-2820.5999999999999,2.0466465528828355
-2819.6999999999998,2.0466465528828355
-2818.7999999999997,2.0466465528828355
-2817.9000000000001,2.0466465528828355
-2817,2.0466465528828355
-2816.0999999999999,2.0466465528828355
-2815.1999999999998,2.0466465528828355
-2814.2999999999997,2.0466465528828355
-2813.4000000000001,2.0466465528828355
-2812.5,2.0466465528828355
-2811.5999999999999,2.0466465528828355
-2810.6999999999998,2.0466465528828355
-2809.7999999999997,2.0466465528828355
-2808.9000000000001,2.0466465528828355
-2808,2.0466465528828355
-2807.0999999999999,2.0466465528828355
-2806.1999999999998,2.0466465528828355
-2805.2999999999997,2.0429349475641354
-2804.4000000000001,2.0466465528828337
-2803.5,2.0466465528828355
-2802.5999999999999,2.0429349475641354
-2801.6999999999998,2.0429349475641354
-2800.7999999999997,2.0429349475641354
-2799.9000000000001,2.0466465528828337
-2799,2.0429349475641354
-2798.0999999999999,2.0466465528828355
-2797.1999999999998,2.0429349475641354
-2796.2999999999997,2.0429349475641354
-2795.4000000000001,2.0429349475641354
-2794.5,2.0429349475641354
-2793.5999999999999,2.0429349475641354
-2792.6999999999998,2.0429349475641354
-2791.7999999999997,2.0429349475641354
-2790.9000000000001,2.0429349475641354
-2790,2.0429349475641354
-2789.0999999999999,2.0429349475641354
-2788.1999999999998,2.0429349475641354
-2787.2999999999997,2.0429349475641354
-2786.4000000000001,2.0429349475641354
-2785.5,2.0429349475641354
-2784.5999999999999,2.0429349475641354
-2783.6999999999998,2.0429349475641354
-2782.7999999999997,2.0429349475641354
-2781.9000000000001,2.0429349475641354
-2781,2.0429349475641354
-2780.0999999999999,2.0429349475641354
-2779.1999999999998,2.0429349475641354
-2778.2999999999997,2.0429349475641354
-2777.4000000000001,2.0429349475641354
-2776.5,2.0429349475641354
-2775.5999999999999,2.0429349475641354
-2774.6999999999998,2.0429349475641354
-2773.7999999999997,2.0429349475641354
-2772.9000000000001,2.0429349475641354
-2772,2.0429349475641354
-2771.0999999999999,2.0429349475641354
-2770.1999999999998,2.0429349475641354
-2769.2999999999997,2.0429349475641354
-2768.4000000000001,2.0429349475641354
-2767.5,2.0429349475641354
-2766.5999999999999,2.0429349475641354
-2765.6999999999998,2.0429349475641354
-2764.7999999999997,2.0429349475641354
-2763.9000000000001,2.0429349475641354
-2763,2.0429349475641354
-2762.0999999999999,2.0429349475641354
-2761.1999999999998,2.0429349475641354
-2760.2999999999997,2.0429349475641354
-2759.4000000000001,2.0429349475641354
-2758.5,2.0429349475641354
-2757.5999999999999,2.0429349475641354
-2756.6999999999998,2.0392233422454353
-2755.7999999999997,2.0429349475641354
-2754.9000000000001,2.0429349475641354
-2754,2.0429349475641354
-2753.0999999999999,2.0429349475641354
-2752.1999999999998,2.0392233422454353
-2751.2999999999997,2.0429349475641354
-2750.4000000000001,2.0392233422454371
-2749.5,2.0392233422454353
-2748.5999999999999,2.0392233422454353
-2747.6999999999998,2.0392233422454353
-2746.7999999999997,2.0392233422454353
-2745.9000000000001,2.0392233422454353
-2745,2.0392233422454353
-2744.0999999999999,2.0392233422454353
-2743.1999999999998,2.0392233422454353
-2742.2999999999997,2.0392233422454353
-2741.4000000000001,2.0392233422454353
-2740.5,2.0392233422454353
-2739.5999999999999,2.0392233422454353
-2738.6999999999998,2.0392233422454353
-2737.7999999999997,2.0392233422454353
-2736.9000000000001,2.0392233422454353
-2736,2.0392233422454353
-2735.0999999999999,2.0392233422454353
-2734.1999999999998,2.0392233422454353
-2733.2999999999997,2.0392233422454353
-2732.4000000000001,2.0392233422454353
-2731.5,2.0392233422454353
-2730.5999999999999,2.0392233422454353
-2729.6999999999998,2.0392233422454353
-2728.7999999999997,2.0392233422454353
-2727.9000000000001,2.0392233422454353
-2727,2.0392233422454353
-2726.0999999999999,2.0392233422454353
-2725.1999999999998,2.0392233422454353
-2724.2999999999997,2.0392233422454353
-2723.4000000000001,2.0392233422454353
-2722.5,2.0392233422454353
-2721.5999999999999,2.0392233422454353
-2720.6999999999998,2.0392233422454353
-2719.7999999999997,2.0392233422454353
-2718.9000000000001,2.0392233422454353
-2718,2.0392233422454353
-2717.0999999999999,2.0392233422454353
-2716.1999999999998,2.0392233422454353
-2715.2999999999997,2.0392233422454353
-2714.4000000000001,2.0392233422454353
-2713.5,2.0392233422454353
-2712.5999999999999,2.0392233422454353
-2711.6999999999998,2.0392233422454353
-2710.7999999999997,2.0392233422454353
-2709.9000000000001,2.0392233422454353
-2709,2.0392233422454353
-2708.0999999999999,2.0392233422454353
-2707.1999999999998,2.0392233422454353
-2706.2999999999997,2.0392233422454353
-2705.4000000000001,2.0392233422454353
-2704.5,2.0392233422454353
-2703.5999999999999,2.0392233422454353
-2702.6999999999998,2.0392233422454353
-2701.7999999999997,2.0392233422454353
-2700.9000000000001,2.0392233422454353
-2700,2.0392233422454353
-2699.0999999999999,2.0392233422454353
-2698.1999999999998,2.0392233422454353
-2697.2999999999997,2.0392233422454353
-2696.4000000000001,2.0392233422454353
-2695.5,2.0355117369267361
-2694.5999999999999,2.0355117369267361
-2693.6999999999998,2.0392233422454353
-2692.7999999999997,2.0355117369267361
-2691.9000000000001,2.0355117369267361
-2691,2.0355117369267361
-2690.0999999999999,2.0355117369267361
-2689.1999999999998,2.0355117369267361
-2688.2999999999997,2.0355117369267361
-2687.4000000000001,2.0355117369267361
-2686.5,2.0355117369267361
-2685.5999999999999,2.0355117369267361
-2684.6999999999998,2.0355117369267361
-2683.7999999999997,2.0355117369267361
-2682.9000000000001,2.0392233422454336
-2682,2.0355117369267361
-2681.0999999999999,2.0355117369267361
-2680.1999999999998,2.0355117369267361
-2679.2999999999997,2.0392233422454353
-2678.4000000000001,2.0355117369267379
-2677.5,2.0355117369267361
-2676.5999999999999,2.0355117369267361
-2675.6999999999998,2.0355117369267361
-2674.7999999999997,2.0355117369267361
-2673.9000000000001,2.0355117369267361
-2673,2.0355117369267361
-2672.0999999999999,2.0355117369267361
-2671.1999999999998,2.0355117369267361
-2670.2999999999997,2.0355117369267361
-2669.4000000000001,2.0355117369267361
-2668.5,2.0355117369267361
-2667.5999999999999,2.0355117369267361
-2666.6999999999998,2.0355117369267361
-2665.7999999999997,2.0355117369267361
-2664.9000000000001,2.0355117369267361
-2664,2.0355117369267361
-2663.0999999999999,2.0355117369267361
-2662.1999999999998,2.0355117369267361
-2661.2999999999997,2.0355117369267361
-2660.4000000000001,2.0355117369267361
-2659.5,2.0355117369267361
-2658.5999999999999,2.0355117369267361
-2657.6999999999998,2.0355117369267361
-2656.7999999999997,2.0355117369267361
-2655.9000000000001,2.0355117369267361
-2655,2.0355117369267361
-2654.0999999999999,2.0355117369267361
-2653.1999999999998,2.0355117369267361
-2652.2999999999997,2.0355117369267361
-2651.4000000000001,2.0355117369267361
-2650.5,2.0355117369267361
-2649.5999999999999,2.0355117369267361
-2648.6999999999998,2.0355117369267361
-2647.7999999999997,2.0355117369267361
-2646.9000000000001,2.0355117369267361
-2646,2.0355117369267361
-2645.0999999999999,2.0318001316080361
-2644.1999999999998,2.0318001316080361
-2643.2999999999997,2.0355117369267361
-2642.4000000000001,2.0355117369267361
-2641.5,2.0355117369267361
-2640.5999999999999,2.0318001316080361
-2639.6999999999998,2.0355117369267361
-2638.7999999999997,2.0318001316080361
-2637.9000000000001,2.0355117369267344
-2637,2.0318001316080361
-2636.0999999999999,2.0318001316080361
-2635.1999999999998,2.0318001316080361
-2634.2999999999997,2.0318001316080361
-2633.4000000000001,2.0318001316080361
-2632.5,2.0318001316080361
-2631.5999999999999,2.0318001316080361
-2630.6999999999998,2.0318001316080361
-2629.7999999999997,2.0318001316080361
-2628.9000000000001,2.0318001316080361
-2628,2.0318001316080361
-2627.0999999999999,2.0318001316080361
-2626.1999999999998,2.0318001316080361
-2625.2999999999997,2.0318001316080361
-2624.4000000000001,2.0318001316080361
-2623.5,2.0318001316080361
-2622.5999999999999,2.0318001316080361
-2621.6999999999998,2.0318001316080361
-2620.7999999999997,2.0318001316080361
-2619.9000000000001,2.0318001316080361
-2619,2.0318001316080361
-2618.0999999999999,2.0318001316080361
-2617.1999999999998,2.0318001316080361
-2616.2999999999997,2.0318001316080361
-2615.4000000000001,2.0318001316080361
-2614.5,2.0318001316080361
-2613.5999999999999,2.0318001316080361
-2612.6999999999998,2.0318001316080361
-2611.7999999999997,2.0318001316080361
-2610.9000000000001,2.0318001316080361
-2610,2.0318001316080361
-2609.0999999999999,2.0318001316080361
-2608.1999999999998,2.0318001316080361
-2607.2999999999997,2.0318001316080361
-2606.4000000000001,2.0318001316080361
-2605.5,2.0318001316080361
-2604.5999999999999,2.0318001316080361
-2603.6999999999998,2.0318001316080361
-2602.7999999999997,2.0318001316080361
-2601.9000000000001,2.0318001316080361
-2601,2.0318001316080361
-2600.0999999999999,2.0318001316080361
-2599.1999999999998,2.0318001316080361
-2598.2999999999997,2.0318001316080361
-2597.4000000000001,2.0318001316080361
-2596.5,2.0318001316080361
-2595.5999999999999,2.0318001316080361
-2594.6999999999998,2.0318001316080361
-2593.7999999999997,2.0318001316080361
-2592.9000000000001,2.0318001316080361
-2592,2.0318001316080361
-2591.0999999999999,2.0318001316080361
-2590.1999999999998,2.0318001316080361
-2589.2999999999997,2.0318001316080361
-2588.4000000000001,2.0318001316080361
-2587.5,2.0318001316080361
-2586.5999999999999,2.0318001316080361
-2585.6999999999998,2.0318001316080361
-2584.7999999999997,2.0318001316080361
-2583.9000000000001,2.0318001316080361
-2583,2.0318001316080361
-2582.0999999999999,2.0318001316080361
-2581.1999999999998,2.0318001316080361
-2580.2999999999997,2.0318001316080361
-2579.4000000000001,2.0318001316080361
-2578.5,2.0318001316080361
-2577.5999999999999,2.0318001316080361
-2576.6999999999998,2.0318001316080361
-2575.7999999999997,2.0318001316080361
-2574.9000000000001,2.0318001316080361
-2574,2.0318001316080361
-2573.0999999999999,2.0318001316080361
-2572.1999999999998,2.028088526289336
-2571.2999999999997,2.028088526289336
-2570.4000000000001,2.028088526289336
-2569.5,2.028088526289336
-2568.5999999999999,2.028088526289336
-2567.6999999999998,2.0243769209706368
-2566.7999999999997,2.0243769209706368
-2565.9000000000001,2.0280885262893342
-2565,2.0243769209706368
-2564.0999999999999,2.0243769209706368
-2563.1999999999998,2.0243769209706368
-2562.2999999999997,2.028088526289336
-2561.4000000000001,2.028088526289336
-2560.5,2.028088526289336
-2559.5999999999999,2.0243769209706368
-2558.6999999999998,2.0243769209706368
-2557.7999999999997,2.0243769209706368
-2556.9000000000001,2.028088526289336
-2556,2.028088526289336
-2555.0999999999999,2.028088526289336
-2554.1999999999998,2.028088526289336
-2553.2999999999997,2.028088526289336
-2552.4000000000001,2.0243769209706368
-2551.5,2.0243769209706368
-2550.5999999999999,2.0243769209706368
-2549.6999999999998,2.0243769209706368
-2548.7999999999997,2.0243769209706368
-2547.9000000000001,2.028088526289336
-2547,2.0243769209706368
-2546.0999999999999,2.0243769209706368
-2545.1999999999998,2.0243769209706368
-2544.2999999999997,2.0243769209706368
-2543.4000000000001,2.0243769209706368
-2542.5,2.0243769209706368
-2541.5999999999999,2.0243769209706368
-2540.6999999999998,2.0243769209706368
-2539.7999999999997,2.0243769209706368
-2538.9000000000001,2.0243769209706368
-2538,2.028088526289336
-2537.0999999999999,2.028088526289336
-2536.1999999999998,2.028088526289336
-2535.2999999999997,2.0243769209706368
-2534.4000000000001,2.028088526289336
-2533.5,2.028088526289336
-2532.5999999999999,2.028088526289336
-2531.6999999999998,2.028088526289336
-2530.7999999999997,2.028088526289336
-2529.9000000000001,2.028088526289336
-2529,2.028088526289336
-2528.0999999999999,2.028088526289336
-2527.1999999999998,2.028088526289336
-2526.2999999999997,2.028088526289336
-2525.4000000000001,2.028088526289336
-2524.5,2.028088526289336
-2523.5999999999999,2.028088526289336
-2522.6999999999998,2.028088526289336
-2521.7999999999997,2.028088526289336
-2520.9000000000001,2.028088526289336
-2520,2.028088526289336
-2519.0999999999999,2.028088526289336
-2518.1999999999998,2.028088526289336
-2517.2999999999997,2.0243769209706368
-2516.4000000000001,2.028088526289336
-2515.5,2.028088526289336
-2514.5999999999999,2.028088526289336
-2513.6999999999998,2.028088526289336
-2512.7999999999997,2.028088526289336
-2511.9000000000001,2.028088526289336
-2511,2.028088526289336
-2510.0999999999999,2.028088526289336
-2509.1999999999998,2.028088526289336
-2508.2999999999997,2.0243769209706368
-2507.4000000000001,2.0243769209706368
-2506.5,2.0243769209706368
-2505.5999999999999,2.0243769209706368
-2504.6999999999998,2.0243769209706368
-2503.7999999999997,2.0243769209706368
-2502.9000000000001,2.0243769209706368
-2502,2.0243769209706368
-2501.0999999999999,2.0243769209706368
-2500.1999999999998,2.0243769209706368
-2499.2999999999997,2.0243769209706368
-2498.4000000000001,2.028088526289336
-2497.5,2.0243769209706368
-2496.5999999999999,2.028088526289336
-2495.6999999999998,2.028088526289336
-2494.7999999999997,2.0243769209706368
-2493.9000000000001,2.0243769209706368
-2493,2.0243769209706368
-2492.0999999999999,2.0243769209706368
-2491.1999999999998,2.0243769209706368
-2490.2999999999997,2.0243769209706368
-2489.4000000000001,2.0243769209706368
-2488.5,2.0243769209706368
-2487.5999999999999,2.0243769209706368
-2486.6999999999998,2.0243769209706368
-2485.7999999999997,2.0243769209706368
-2484.9000000000001,2.0243769209706368
-2484,2.0243769209706368
-2483.0999999999999,2.0243769209706368
-2482.1999999999998,2.0243769209706368
-2481.2999999999997,2.0243769209706368
-2480.4000000000001,2.0243769209706368
-2479.5,2.0243769209706368
-2478.5999999999999,2.0243769209706368
-2477.6999999999998,2.0243769209706368
-2476.7999999999997,2.0243769209706368
-2475.9000000000001,2.0243769209706368
-2475,2.0243769209706368
-2474.0999999999999,2.0243769209706368
-2473.1999999999998,2.0243769209706368
-2472.2999999999997,2.0243769209706368
-2471.4000000000001,2.0243769209706368
-2470.5,2.0243769209706368
-2469.5999999999999,2.0243769209706368
-2468.6999999999998,2.0243769209706368
-2467.7999999999997,2.0243769209706368
-2466.9000000000001,2.0243769209706368
-2466,2.0243769209706368
-2465.0999999999999,2.0243769209706368
-2464.1999999999998,2.0243769209706368
-2463.2999999999997,2.0243769209706368
-2462.4000000000001,2.0243769209706368
-2461.5,2.0243769209706368
-2460.5999999999999,2.0206653156519367
-2459.6999999999998,2.0206653156519367
-2458.7999999999997,2.0206653156519367
-2457.9000000000001,2.0206653156519367
-2457,2.0206653156519367
-2456.0999999999999,2.0206653156519367
-2455.1999999999998,2.0206653156519367
-2454.2999999999997,2.0206653156519367
-2453.4000000000001,2.0206653156519367
-2452.5,2.0206653156519367
-2451.5999999999999,2.0206653156519367
-2450.6999999999998,2.0206653156519367
-2449.7999999999997,2.0206653156519367
-2448.9000000000001,2.0206653156519367
-2448,2.0206653156519367
-2447.0999999999999,2.0206653156519367
-2446.1999999999998,2.0206653156519367
-2445.2999999999997,2.0206653156519367
-2444.4000000000001,2.0206653156519367
-2443.5,2.0206653156519367
-2442.5999999999999,2.0206653156519367
-2441.6999999999998,2.0206653156519367
-2440.7999999999997,2.0206653156519367
-2439.9000000000001,2.0206653156519367
-2439,2.0206653156519367
-2438.0999999999999,2.0206653156519367
-2437.1999999999998,2.0206653156519367
-2436.2999999999997,2.0206653156519367
-2435.4000000000001,2.0206653156519367
-2434.5,2.0206653156519367
-2433.5999999999999,2.0206653156519367
-2432.6999999999998,2.0206653156519367
-2431.7999999999997,2.0206653156519367
-2430.9000000000001,2.0243769209706368
-2430,2.0206653156519367
-2429.0999999999999,2.0206653156519367
-2428.1999999999998,2.0206653156519367
-2427.2999999999997,2.0206653156519367
-2426.4000000000001,2.0206653156519367
-2425.5,2.0206653156519367
-2424.5999999999999,2.0206653156519367
-2423.6999999999998,2.0206653156519367
-2422.7999999999997,2.0206653156519367
-2421.9000000000001,2.0206653156519367
-2421,2.0206653156519367
-2420.0999999999999,2.0206653156519367
-2419.1999999999998,2.0206653156519367
-2418.2999999999997,2.0206653156519367
-2417.4000000000001,2.0206653156519367
-2416.5,2.0206653156519367
-2415.5999999999999,2.0206653156519367
-2414.6999999999998,2.0206653156519367
-2413.7999999999997,2.0206653156519367
-2412.9000000000001,2.0206653156519367
-2412,2.0206653156519367
-2411.0999999999999,2.0206653156519367
-2410.1999999999998,2.0206653156519367
-2409.2999999999997,2.0206653156519367
-2408.4000000000001,2.0206653156519367
-2407.5,2.0206653156519367
-2406.5999999999999,2.0206653156519367
-2405.6999999999998,2.0206653156519367
-2404.7999999999997,2.0206653156519367
-2403.9000000000001,2.0206653156519367
-2403,2.0206653156519367
-2402.0999999999999,2.0206653156519367
-2401.1999999999998,2.0206653156519367
-2400.2999999999997,2.0206653156519367
-2399.4000000000001,2.0206653156519367
-2398.5,2.0206653156519367
-2397.5999999999999,2.0206653156519367
-2396.6999999999998,2.0206653156519367
-2395.7999999999997,2.0206653156519367
-2394.9000000000001,2.0206653156519367
-2394,2.0206653156519367
-2393.0999999999999,2.0206653156519367
-2392.1999999999998,2.0206653156519367
-2391.2999999999997,2.0206653156519367
-2390.4000000000001,2.0206653156519367
-2389.5,2.0206653156519367
-2388.5999999999999,2.0206653156519367
-2387.6999999999998,2.0206653156519367
-2386.7999999999997,2.0206653156519367
-2385.9000000000001,2.0206653156519367
-2385,2.0206653156519367
-2384.0999999999999,2.0206653156519367
-2383.1999999999998,2.0169537103332367
-2382.2999999999997,2.0206653156519367
-2381.4000000000001,2.0169537103332367
-2380.5,2.0169537103332367
-2379.5999999999999,2.0169537103332367
-2378.6999999999998,2.0169537103332367
-2377.7999999999997,2.0169537103332367
-2376.9000000000001,2.0206653156519367
-2376,2.0169537103332367
-2375.0999999999999,2.0206653156519367
-2374.1999999999998,2.0206653156519367
-2373.2999999999997,2.0206653156519367
-2372.4000000000001,2.0206653156519367
-2371.5,2.0169537103332367
-2370.5999999999999,2.0169537103332367
-2369.6999999999998,2.0169537103332367
-2368.7999999999997,2.0206653156519367
-2367.9000000000001,2.0169537103332367
-2367,2.0169537103332367
-2366.0999999999999,2.0169537103332367
-2365.1999999999998,2.0169537103332367
-2364.2999999999997,2.0169537103332367
-2363.4000000000001,2.0169537103332367
-2362.5,2.0169537103332367
-2361.5999999999999,2.0169537103332367
-2360.6999999999998,2.0169537103332367
-2359.7999999999997,2.0169537103332367
-2358.9000000000001,2.0169537103332367
-2358,2.0169537103332367
-2357.0999999999999,2.0169537103332367
-2356.1999999999998,2.0169537103332367
-2355.2999999999997,2.0169537103332367
-2354.4000000000001,2.0206653156519367
-2353.5,2.0169537103332367
-2352.5999999999999,2.0169537103332367
-2351.6999999999998,2.0169537103332367
-2350.7999999999997,2.0169537103332367
-2349.9000000000001,2.0206653156519367
-2349,2.0206653156519367
-2348.0999999999999,2.0169537103332367
-2347.1999999999998,2.0169537103332367
-2346.2999999999997,2.0169537103332367
-2345.4000000000001,2.0169537103332367
-2344.5,2.0169537103332367
-2343.5999999999999,2.0169537103332367
-2342.6999999999998,2.0169537103332367
-2341.7999999999997,2.0169537103332367
-2340.9000000000001,2.0169537103332367
-2340,2.0169537103332367
-2339.0999999999999,2.0169537103332367
-2338.1999999999998,2.0169537103332367
-2337.2999999999997,2.0169537103332367
-2336.4000000000001,2.0169537103332367
-2335.5,2.0169537103332367
-2334.5999999999999,2.0169537103332367
-2333.6999999999998,2.0169537103332367
-2332.7999999999997,2.0169537103332367
-2331.9000000000001,2.0169537103332367
-2331,2.0169537103332367
-2330.0999999999999,2.0169537103332367
-2329.1999999999998,2.0169537103332367
-2328.2999999999997,2.0169537103332367
-2327.4000000000001,2.0169537103332367
-2326.5,2.0169537103332367
-2325.5999999999999,2.0169537103332367
-2324.6999999999998,2.0169537103332367
-2323.7999999999997,2.0169537103332367
-2322.9000000000001,2.0169537103332367
-2322,2.0169537103332367
-2321.0999999999999,2.0169537103332367
-2320.1999999999998,2.0132421050145366
-2319.2999999999997,2.0132421050145366
-2318.4000000000001,2.0169537103332367
-2317.5,2.0132421050145366
-2316.5999999999999,2.0132421050145366
-2315.6999999999998,2.0132421050145366
-2314.7999999999997,2.0132421050145366
-2313.9000000000001,2.0132421050145366
-2313,2.0132421050145366
-2312.0999999999999,2.0132421050145366
-2311.1999999999998,2.0132421050145366
-2310.2999999999997,2.0132421050145366
-2309.4000000000001,2.0169537103332367
-2308.5,2.0169537103332367
-2307.5999999999999,2.0169537103332367
-2306.6999999999998,2.0169537103332367
-2305.7999999999997,2.0169537103332367
-2304.9000000000001,2.0132421050145366
-2304,2.0132421050145366
-2303.0999999999999,2.0132421050145366
-2302.1999999999998,2.0132421050145366
-2301.2999999999997,2.0132421050145366
-2300.4000000000001,2.0132421050145366
-2299.5,2.0132421050145366
-2298.5999999999999,2.0132421050145366
-2297.6999999999998,2.0132421050145366
-2296.7999999999997,2.0132421050145366
-2295.9000000000001,2.0132421050145366
-2295,2.0132421050145366
-2294.0999999999999,2.0132421050145366
-2293.1999999999998,2.0169537103332367
-2292.2999999999997,2.0169537103332367
-2291.4000000000001,2.0169537103332367
-2290.5,2.0169537103332367
-2289.5999999999999,2.0132421050145366
-2288.6999999999998,2.0132421050145366
-2287.7999999999997,2.0169537103332367
-2286.9000000000001,2.0169537103332367
-2286,2.0132421050145366
-2285.0999999999999,2.0132421050145366
-2284.1999999999998,2.0132421050145366
-2283.2999999999997,2.0132421050145366
-2282.4000000000001,2.0132421050145366
-2281.5,2.0132421050145366
-2280.5999999999999,2.0132421050145366
-2279.6999999999998,2.0132421050145366
-2278.7999999999997,2.0132421050145366
-2277.9000000000001,2.0132421050145366
-2277,2.0132421050145366
-2276.0999999999999,2.0132421050145366
-2275.1999999999998,2.0132421050145366
-2274.2999999999997,2.0132421050145366
-2273.4000000000001,2.0132421050145366
-2272.5,2.0132421050145366
-2271.5999999999999,2.0132421050145366
-2270.6999999999998,2.0132421050145366
-2269.7999999999997,2.0132421050145366
-2268.9000000000001,2.0132421050145366
-2268,2.0132421050145366
-2267.0999999999999,2.0132421050145366
-2266.1999999999998,2.0132421050145366
-2265.2999999999997,2.0132421050145366
-2264.4000000000001,2.0132421050145366
-2263.5,2.0132421050145366
-2262.5999999999999,2.0132421050145366
-2261.6999999999998,2.0132421050145366
-2260.7999999999997,2.0132421050145366
-2259.9000000000001,2.0132421050145366
-2259,2.0132421050145366
-2258.0999999999999,2.0132421050145366
-2257.1999999999998,2.0132421050145366
-2256.2999999999997,2.0132421050145366
-2255.4000000000001,2.0132421050145366
-2254.5,2.0132421050145366
-2253.5999999999999,2.0132421050145366
-2252.6999999999998,2.0132421050145366
-2251.7999999999997,2.0132421050145366
-2250.9000000000001,2.0132421050145366
-2250,2.0132421050145366
-2249.0999999999999,2.0132421050145366
-2248.1999999999998,2.0132421050145366
-2247.2999999999997,2.0132421050145366
-2246.4000000000001,2.0132421050145366
-2245.5,2.0132421050145366
-2244.5999999999999,2.0132421050145366
-2243.6999999999998,2.0132421050145366
-2242.7999999999997,2.0132421050145366
-2241.9000000000001,2.0132421050145366
-2241,2.0132421050145366
-2240.0999999999999,2.0132421050145366
-2239.1999999999998,2.0132421050145366
-2238.2999999999997,2.0132421050145366
-2237.4000000000001,2.0132421050145366
-2236.5,2.0132421050145366
-2235.5999999999999,2.0132421050145366
-2234.6999999999998,2.0132421050145366
-2233.7999999999997,2.0132421050145366
-2232.9000000000001,2.0132421050145366
-2232,2.0132421050145366
-2231.0999999999999,2.0132421050145366
-2230.1999999999998,2.0132421050145366
-2229.2999999999997,2.0132421050145366
-2228.4000000000001,2.0132421050145366
-2227.5,2.0132421050145366
-2226.5999999999999,2.0132421050145366
-2225.6999999999998,2.0132421050145366
-2224.7999999999997,2.0132421050145366
-2223.9000000000001,2.0132421050145366
-2223,2.0132421050145366
-2222.0999999999999,2.0132421050145366
-2221.1999999999998,2.0132421050145366
-2220.2999999999997,2.0132421050145366
-2219.4000000000001,2.0132421050145366
-2218.5,2.0132421050145366
-2217.5999999999999,2.0132421050145366
-2216.6999999999998,2.0132421050145366
-2215.7999999999997,2.0132421050145366
-2214.9000000000001,2.0132421050145366
-2214,2.0095304996958374
-2213.0999999999999,2.0095304996958374
-2212.1999999999998,2.0095304996958374
-2211.2999999999997,2.0095304996958374
-2210.4000000000001,2.0095304996958374
-2209.5,2.0095304996958374
-2208.5999999999999,2.0095304996958374
-2207.6999999999998,2.0095304996958374
-2206.7999999999997,2.0095304996958374
-2205.9000000000001,2.0095304996958374
-2205,2.0095304996958374
-2204.0999999999999,2.0095304996958374
-2203.1999999999998,2.0095304996958374
-2202.2999999999997,2.0095304996958374
-2201.4000000000001,2.0095304996958374
-2200.5,2.0095304996958374
-2199.5999999999999,2.0095304996958374
-2198.6999999999998,2.0095304996958374
-2197.7999999999997,2.0095304996958374
-2196.9000000000001,2.0095304996958374
-2196,2.0095304996958374
-2195.0999999999999,2.0095304996958374
-2194.1999999999998,2.0095304996958374
-2193.2999999999997,2.0095304996958374
-2192.4000000000001,2.0095304996958374
-2191.5,2.0095304996958374
-2190.5999999999999,2.0095304996958374
-2189.6999999999998,2.0095304996958374
-2188.7999999999997,2.0095304996958374
-2187.9000000000001,2.0095304996958374
-2187,2.0095304996958374
-2186.0999999999999,2.0095304996958374
-2185.1999999999998,2.0095304996958374
-2184.2999999999997,2.0095304996958374
-2183.4000000000001,2.0095304996958374
-2182.5,2.0095304996958374
-2181.5999999999999,2.0095304996958374
-2180.6999999999998,2.0095304996958374
-2179.7999999999997,2.0095304996958374
-2178.9000000000001,2.0095304996958374
-2178,2.0095304996958374
-2177.0999999999999,2.0095304996958374
-2176.1999999999998,2.0095304996958374
-2175.2999999999997,2.0095304996958374
-2174.4000000000001,2.0095304996958374
-2173.5,2.0095304996958374
-2172.5999999999999,2.0095304996958374
-2171.6999999999998,2.0095304996958374
-2170.7999999999997,2.0095304996958374
-2169.9000000000001,2.0095304996958374
-2169,2.0095304996958374
-2168.0999999999999,2.0095304996958374
-2167.1999999999998,2.0095304996958374
-2166.2999999999997,2.0095304996958374
-2165.4000000000001,2.0095304996958374
-2164.5,2.0095304996958374
-2163.5999999999999,2.0095304996958374
-2162.6999999999998,2.0095304996958374
-2161.7999999999997,2.0095304996958374
-2160.9000000000001,2.0095304996958374
-2160,2.0095304996958374
-2159.0999999999999,2.0095304996958374
-2158.1999999999998,2.0095304996958374
-2157.2999999999997,2.0095304996958374
-2156.4000000000001,2.0095304996958374
-2155.5,2.0095304996958374
-2154.5999999999999,2.0095304996958374
-2153.6999999999998,2.0095304996958374
-2152.7999999999997,2.0095304996958374
-2151.9000000000001,2.0095304996958374
-2151,2.0095304996958374
-2150.0999999999999,2.0095304996958374
-2149.1999999999998,2.0095304996958374
-2148.2999999999997,2.0095304996958374
-2147.4000000000001,2.0095304996958374
-2146.5,2.0095304996958374
-2145.5999999999999,2.0095304996958374
-2144.6999999999998,2.0095304996958374
-2143.7999999999997,2.0095304996958374
-2142.9000000000001,2.0095304996958374
-2142,2.0095304996958374
-2141.0999999999999,2.0095304996958374
-2140.1999999999998,2.0095304996958374
-2139.2999999999997,2.0095304996958374
-2138.4000000000001,2.0095304996958374
-2137.5,2.0095304996958374
-2136.5999999999999,2.0095304996958374
-2135.6999999999998,2.0095304996958374
-2134.7999999999997,2.0095304996958374
-2133.9000000000001,2.0095304996958374
-2133,2.0095304996958374
-2132.0999999999999,2.0095304996958374
-2131.1999999999998,2.0095304996958374
-2130.2999999999997,2.0095304996958374
-2129.4000000000001,2.0095304996958374
-2128.5,2.0095304996958374
-2127.5999999999999,2.0095304996958374
-2126.6999999999998,2.0095304996958374
-2125.7999999999997,2.0095304996958374
-2124.9000000000001,2.0095304996958374
-2124,2.0095304996958374
-2123.0999999999999,2.0095304996958374
-2122.1999999999998,2.0095304996958374
-2121.2999999999997,2.0095304996958374
-2120.4000000000001,2.0095304996958374
-2119.5,2.0095304996958374
-2118.5999999999999,2.0095304996958374
-2117.6999999999998,2.0095304996958374
-2116.7999999999997,2.0095304996958374
-2115.9000000000001,2.0095304996958374
-2115,2.0095304996958374
-2114.0999999999999,2.0095304996958374
-2113.1999999999998,2.0095304996958374
-2112.2999999999997,2.0095304996958374
-2111.4000000000001,2.0095304996958374
-2110.5,2.0095304996958374
-2109.5999999999999,2.0095304996958374
-2108.6999999999998,2.0095304996958374
-2107.7999999999997,2.0095304996958374
-2106.9000000000001,2.0095304996958374
-2106,2.0095304996958374
-2105.0999999999999,2.0095304996958374
-2104.1999999999998,2.0095304996958374
-2103.2999999999997,2.0095304996958374
-2102.4000000000001,2.0095304996958374
-2101.5,2.0095304996958374
-2100.5999999999999,2.0058188943771373
-2099.6999999999998,2.0058188943771373
-2098.7999999999997,2.0095304996958374
-2097.9000000000001,2.0095304996958374
-2097,2.0058188943771373
-2096.0999999999999,2.0058188943771373
-2095.1999999999998,2.0058188943771373
-2094.2999999999997,2.0058188943771373
-2093.4000000000001,2.0058188943771373
-2092.5,2.0058188943771373
-2091.5999999999999,2.0058188943771373
-2090.6999999999998,2.0058188943771373
-2089.7999999999997,2.0058188943771373
-2088.9000000000001,2.0058188943771373
-2088,2.0058188943771373
-2087.0999999999999,2.0058188943771373
-2086.1999999999998,2.0058188943771373
-2085.2999999999997,2.0058188943771373
-2084.4000000000001,2.0095304996958374
-2083.5,2.0095304996958374
-2082.5999999999999,2.0095304996958374
-2081.6999999999998,2.0095304996958374
-2080.7999999999997,2.0095304996958374
-2079.9000000000001,2.0095304996958374
-2079,2.0095304996958374
-2078.0999999999999,2.0058188943771373
-2077.1999999999998,2.0095304996958374
-2076.2999999999997,2.0058188943771373
-2075.4000000000001,2.0095304996958374
-2074.5,2.0058188943771373
-2073.5999999999999,2.0095304996958374
-2072.6999999999998,2.0058188943771373
-2071.7999999999997,2.0058188943771373
-2070.9000000000001,2.0058188943771373
-2070,2.0095304996958374
-2069.0999999999999,2.0095304996958374
-2068.1999999999998,2.0058188943771373
-2067.2999999999997,2.0058188943771373
-2066.4000000000001,2.0095304996958374
-2065.5,2.0058188943771373
-2064.5999999999999,2.0058188943771373
-2063.6999999999998,2.0058188943771373
-2062.7999999999997,2.0058188943771373
-2061.9000000000001,2.0095304996958374
-2061,2.0058188943771373
-2060.0999999999999,2.0058188943771373
-2059.1999999999998,2.0058188943771373
-2058.2999999999997,2.0058188943771373
-2057.4000000000001,2.0095304996958374
-2056.5,2.0095304996958374
-2055.5999999999999,2.0058188943771373
-2054.6999999999998,2.0058188943771373
-2053.7999999999997,2.0095304996958374
-2052.9000000000001,2.0058188943771373
-2052,2.0058188943771373
-2051.0999999999999,2.0058188943771373
-2050.1999999999998,2.0058188943771373
-2049.2999999999997,2.0058188943771373
-2048.4000000000001,2.0058188943771373
-2047.5,2.0058188943771373
-2046.5999999999999,2.0058188943771373
-2045.6999999999998,2.0058188943771373
-2044.8,2.0058188943771373
-2043.8999999999999,2.0058188943771373
-2043,2.0058188943771373
-2042.0999999999999,2.0058188943771373
-2041.1999999999998,2.0058188943771373
-2040.3,2.0058188943771373
-2039.3999999999999,2.0058188943771373
-2038.5,2.0058188943771373
-2037.5999999999999,2.0058188943771373
-2036.6999999999998,2.0058188943771373
-2035.8,2.0058188943771373
-2034.8999999999999,2.0058188943771373
-2034,2.0058188943771373
-2033.0999999999999,2.0058188943771373
-2032.1999999999998,2.0058188943771373
-2031.3,2.0058188943771373
-2030.3999999999999,2.0058188943771373
-2029.5,2.0058188943771373
-2028.5999999999999,2.0058188943771373
-2027.6999999999998,2.0058188943771373
-2026.8,2.0058188943771373
-2025.8999999999999,2.0058188943771373
-2025,2.0058188943771373
-2024.0999999999999,2.0058188943771373
-2023.1999999999998,2.0058188943771373
-2022.3,2.0058188943771373
-2021.3999999999999,2.0058188943771373
-2020.5,2.0058188943771373
-2019.5999999999999,2.0058188943771373
-2018.6999999999998,2.0058188943771373
-2017.8,2.0058188943771373
-2016.8999999999999,2.0058188943771373
-2016,2.0058188943771373
-2015.0999999999999,2.0058188943771373
-2014.1999999999998,2.0058188943771373
-2013.3,2.0058188943771373
-2012.3999999999999,2.0058188943771373
-2011.5,2.0058188943771373
-2010.5999999999999,2.0058188943771373
-2009.6999999999998,2.0058188943771373
-2008.8,2.0058188943771373
-2007.8999999999999,2.0058188943771373
-2007,2.0058188943771373
-2006.0999999999999,2.0058188943771373
-2005.1999999999998,2.0058188943771373
-2004.3,2.0058188943771373
-2003.3999999999999,2.0058188943771373
-2002.5,2.0058188943771373
-2001.5999999999999,2.0058188943771373
-2000.6999999999998,2.0058188943771373
-1999.8,2.0058188943771373
-1998.8999999999999,2.0058188943771373
-1998,2.0058188943771373
-1997.0999999999999,2.0058188943771373
-1996.1999999999998,2.0058188943771373
-1995.3,2.0058188943771373
-1994.3999999999999,2.0058188943771373
-1993.5,2.0058188943771373
-1992.5999999999999,2.0058188943771373
-1991.6999999999998,2.0058188943771373
-1990.8,2.0058188943771373
-1989.8999999999999,2.0058188943771373
-1989,2.0058188943771373
-1988.0999999999999,2.0058188943771373
-1987.1999999999998,2.0058188943771373
-1986.3,2.0058188943771373
-1985.3999999999999,2.0058188943771373
-1984.5,2.0058188943771373
-1983.5999999999999,2.0058188943771373
-1982.6999999999998,2.0058188943771373
-1981.8,2.0058188943771373
-1980.8999999999999,2.0058188943771373
-1980,2.0058188943771373
-1979.0999999999999,2.0058188943771373
-1978.1999999999998,2.0058188943771373
-1977.3,2.0058188943771373
-1976.3999999999999,2.0058188943771373
-1975.5,2.0021072890584373
-1974.5999999999999,2.0058188943771373
-1973.6999999999998,2.0058188943771373
-1972.8,2.0058188943771373
-1971.8999999999999,2.0058188943771373
-1971,2.0058188943771373
-1970.0999999999999,2.0058188943771373
-1969.1999999999998,2.0058188943771373
-1968.3,2.0058188943771373
-1967.3999999999999,2.0058188943771373
-1966.5,2.0058188943771373
-1965.5999999999999,2.0058188943771373
-1964.6999999999998,2.0058188943771373
-1963.8,2.0058188943771373
-1962.8999999999999,2.0058188943771373
-1962,2.0058188943771373
-1961.0999999999999,2.0058188943771373
-1960.1999999999998,2.0058188943771373
-1959.3,2.0058188943771373
-1958.3999999999999,2.0021072890584373
-1957.5,2.0021072890584373
-1956.5999999999999,2.0058188943771373
-1955.6999999999998,2.0058188943771373
-1954.8,2.0021072890584373
-1953.8999999999999,2.0058188943771373
-1953,2.0021072890584373
-1952.0999999999999,2.0021072890584373
-1951.1999999999998,2.0058188943771373
-1950.3,2.0058188943771373
-1949.3999999999999,2.0058188943771373
-1948.5,2.0058188943771373
-1947.5999999999999,2.0058188943771373
-1946.6999999999998,2.0021072890584373
-1945.8,2.0021072890584373
-1944.8999999999999,2.0021072890584373
-1944,2.0021072890584373
-1943.0999999999999,2.0021072890584373
-1942.1999999999998,2.0021072890584373
-1941.3,2.0021072890584373
-1940.3999999999999,2.0021072890584373
-1939.5,2.0021072890584373
-1938.5999999999999,2.0021072890584373
-1937.6999999999998,2.0021072890584373
-1936.8,2.0021072890584373
-1935.8999999999999,2.0058188943771373
-1935,2.0021072890584373
-1934.0999999999999,2.0021072890584373
-1933.1999999999998,2.0021072890584373
-1932.3,2.0021072890584373
-1931.3999999999999,2.0021072890584373
-1930.5,2.0021072890584373
-1929.5999999999999,2.0021072890584373
-1928.6999999999998,2.0021072890584373
-1927.8,2.0021072890584373
-1926.8999999999999,2.0021072890584373
-1926,2.0021072890584373
-1925.0999999999999,2.0021072890584373
-1924.1999999999998,2.0021072890584373
-1923.3,2.0021072890584373
-1922.3999999999999,2.0021072890584373
-1921.5,2.0021072890584373
-1920.5999999999999,2.0021072890584373
-1919.6999999999998,2.0021072890584373
-1918.8,2.0021072890584373
-1917.8999999999999,2.0021072890584373
-1917,2.0021072890584373
-1916.0999999999999,2.0021072890584373
-1915.1999999999998,2.0021072890584373
-1914.3,2.0021072890584373
-1913.3999999999999,2.0021072890584373
-1912.5,2.0021072890584373
-1911.5999999999999,2.0021072890584373
-1910.6999999999998,2.0021072890584373
-1909.8,2.0021072890584373
-1908.8999999999999,2.0021072890584373
-1908,2.0021072890584373
-1907.0999999999999,2.0021072890584373
-1906.1999999999998,2.0021072890584373
-1905.3,2.0058188943771373
-1904.3999999999999,2.0058188943771373
-1903.5,2.0058188943771373
-1902.5999999999999,2.0058188943771373
-1901.6999999999998,2.0058188943771373
-1900.8,2.0058188943771373
-1899.8999999999999,2.0058188943771373
-1899,2.0058188943771373
-1898.0999999999999,2.0058188943771373
-1897.1999999999998,2.0021072890584373
-1896.3,2.0021072890584373
-1895.3999999999999,2.0021072890584373
-1894.5,2.0021072890584373
-1893.5999999999999,2.0021072890584373
-1892.6999999999998,2.0021072890584373
-1891.8,2.0021072890584373
-1890.8999999999999,2.0021072890584373
-1890,2.0021072890584373
-1889.0999999999999,2.0021072890584373
-1888.1999999999998,2.0021072890584373
-1887.3,2.0021072890584373
-1886.3999999999999,2.0021072890584373
-1885.5,2.0021072890584373
-1884.5999999999999,2.0021072890584373
-1883.6999999999998,2.0058188943771373
-1882.8,2.0021072890584373
-1881.8999999999999,2.0058188943771373
-1881,2.0058188943771373
-1880.0999999999999,2.0058188943771373
-1879.1999999999998,2.0021072890584373
-1878.3,2.0021072890584373
-1877.3999999999999,2.0058188943771373
-1876.5,2.0021072890584373
-1875.5999999999999,2.0021072890584373
-1874.6999999999998,2.0021072890584373
-1873.8,2.0021072890584373
-1872.8999999999999,2.0021072890584373
-1872,2.0021072890584373
-1871.0999999999999,2.0021072890584373
-1870.1999999999998,2.0021072890584373
-1869.3,2.0021072890584373
-1868.3999999999999,2.0021072890584373
-1867.5,2.0021072890584373
-1866.5999999999999,2.0021072890584373
-1865.6999999999998,2.0021072890584373
-1864.8,2.0021072890584373
-1863.8999999999999,2.0021072890584373
-1863,2.0021072890584373
-1862.0999999999999,2.0021072890584373
-1861.1999999999998,2.0021072890584373
-1860.3,2.0021072890584373
-1859.3999999999999,2.0021072890584373
-1858.5,2.0021072890584373
-1857.5999999999999,2.0021072890584373
-1856.6999999999998,2.0021072890584373
-1855.8,2.0021072890584373
-1854.8999999999999,2.0021072890584373
-1854,2.0021072890584373
-1853.0999999999999,2.0021072890584373
-1852.1999999999998,2.0021072890584373
-1851.3,2.0021072890584373
-1850.3999999999999,2.0021072890584373
-1849.5,2.0021072890584373
-1848.5999999999999,2.0021072890584373
-1847.6999999999998,2.0021072890584373
-1846.8,2.0021072890584373
-1845.8999999999999,2.0021072890584373
-1845,2.0021072890584373
-1844.0999999999999,2.0021072890584373
-1843.1999999999998,2.0021072890584373
-1842.3,2.0021072890584373
-1841.3999999999999,2.0021072890584373
-1840.5,2.0021072890584373
-1839.5999999999999,2.0021072890584373
-1838.6999999999998,2.0021072890584373
-1837.8,2.0021072890584373
-1836.8999999999999,2.0021072890584373
-1836,2.0021072890584373
-1835.0999999999999,2.0021072890584373
-1834.1999999999998,2.0021072890584373
-1833.3,2.0021072890584373
-1832.3999999999999,2.0021072890584373
-1831.5,2.0021072890584373
-1830.5999999999999,2.0021072890584373
-1829.6999999999998,2.0021072890584373
-1828.8,1.9983956837397379
-1827.8999999999999,2.0021072890584373
-1827,1.9983956837397379
-1826.0999999999999,1.9983956837397379
-1825.1999999999998,2.0021072890584373
-1824.3,1.9983956837397379
-1823.3999999999999,2.0021072890584373
-1822.5,2.0021072890584373
-1821.5999999999999,2.0021072890584373
-1820.6999999999998,2.0021072890584373
-1819.8,2.0021072890584373
-1818.8999999999999,2.0021072890584373
-1818,2.0021072890584373
-1817.0999999999999,2.0021072890584373
-1816.1999999999998,2.0021072890584373
-1815.3,2.0021072890584373
-1814.3999999999999,2.0021072890584373
-1813.5,2.0021072890584373
-1812.5999999999999,2.0021072890584373
-1811.6999999999998,2.0021072890584373
-1810.8,2.0021072890584373
-1809.8999999999999,2.0021072890584373
-1809,2.0021072890584373
-1808.0999999999999,2.0021072890584373
-1807.1999999999998,2.0021072890584373
-1806.3,2.0021072890584373
-1805.3999999999999,2.0021072890584373
-1804.5,2.0021072890584373
-1803.5999999999999,2.0021072890584373
-1802.6999999999998,1.9983956837397379
-1801.8,1.9983956837397379
-1800.8999999999999,1.9983956837397379
-1800,1.9983956837397379
-1799.0999999999999,1.9983956837397379
-1798.1999999999998,1.9983956837397379
-1797.3,1.9983956837397379
-1796.3999999999999,2.0021072890584373
-1795.5,1.9983956837397379
-1794.5999999999999,2.0021072890584373
-1793.6999999999998,2.0021072890584373
-1792.8,2.0021072890584373
-1791.8999999999999,2.0021072890584373
-1791,2.0021072890584373
-1790.0999999999999,2.0021072890584373
-1789.1999999999998,2.0021072890584373
-1788.3,2.0021072890584373
-1787.3999999999999,2.0021072890584373
-1786.5,2.0021072890584373
-1785.5999999999999,2.0021072890584373
-1784.6999999999998,2.0021072890584373
-1783.8,2.0021072890584373
-1782.8999999999999,2.0021072890584373
-1782,2.0021072890584373
-1781.0999999999999,2.0021072890584373
-1780.1999999999998,2.0021072890584373
-1779.3,2.0021072890584373
-1778.3999999999999,2.0021072890584373
-1777.5,2.0021072890584373
-1776.5999999999999,2.0021072890584373
-1775.6999999999998,2.0021072890584373
-1774.8,2.0021072890584373
-1773.8999999999999,2.0021072890584373
-1773,2.0021072890584373
-1772.0999999999999,2.0021072890584373
-1771.1999999999998,2.0021072890584373
-1770.3,2.0021072890584373
-1769.3999999999999,2.0021072890584373
-1768.5,2.0021072890584373
-1767.5999999999999,2.0021072890584373
-1766.6999999999998,2.0021072890584373
-1765.8,2.0021072890584373
-1764.8999999999999,2.0021072890584373
-1764,2.0021072890584373
-1763.0999999999999,2.0021072890584373
-1762.1999999999998,2.0021072890584373
-1761.3,2.0021072890584373
-1760.3999999999999,2.0021072890584373
-1759.5,2.0021072890584373
-1758.5999999999999,2.0021072890584373
-1757.6999999999998,2.0021072890584373
-1756.8,2.0021072890584373
-1755.8999999999999,2.0021072890584373
-1755,2.0021072890584373
-1754.0999999999999,1.9983956837397379
-1753.1999999999998,2.0021072890584373
-1752.3,2.0021072890584373
-1751.3999999999999,2.0021072890584373
-1750.5,1.9983956837397379
-1749.5999999999999,1.9983956837397379
-1748.6999999999998,1.9983956837397379
-1747.8,1.9983956837397379
-1746.8999999999999,2.0021072890584373
-1746,1.9983956837397379
-1745.0999999999999,1.9983956837397379
-1744.1999999999998,1.9983956837397379
-1743.3,1.9983956837397379
-1742.3999999999999,1.9983956837397379
-1741.5,1.9983956837397379
-1740.5999999999999,1.9983956837397379
-1739.6999999999998,1.9983956837397379
-1738.8,1.9983956837397379
-1737.8999999999999,1.9983956837397379
-1737,1.9983956837397379
-1736.0999999999999,1.9983956837397379
-1735.1999999999998,1.9983956837397379
-1734.3,1.9983956837397379
-1733.3999999999999,1.9983956837397379
-1732.5,1.9983956837397379
-1731.5999999999999,1.9983956837397379
-1730.6999999999998,1.9983956837397379
-1729.8,1.9983956837397379
-1728.8999999999999,1.9983956837397379
-1728,1.9983956837397379
-1727.0999999999999,1.9983956837397379
-1726.1999999999998,1.9983956837397379
-1725.3,1.9983956837397379
-1724.3999999999999,1.9983956837397379
-1723.5,1.9983956837397379
-1722.5999999999999,1.9983956837397379
-1721.6999999999998,1.9983956837397379
-1720.8,1.9983956837397379
-1719.8999999999999,1.9983956837397379
-1719,1.9983956837397379
-1718.0999999999999,1.9983956837397379
-1717.1999999999998,1.9983956837397379
-1716.3,1.9983956837397379
-1715.3999999999999,1.9983956837397379
-1714.5,1.9983956837397379
-1713.5999999999999,1.9983956837397379
-1712.6999999999998,1.9983956837397379
-1711.8,1.9983956837397379
-1710.8999999999999,1.9983956837397379
-1710,1.9983956837397379
-1709.0999999999999,1.9983956837397379
-1708.1999999999998,1.9983956837397379
-1707.3,1.9983956837397379
-1706.3999999999999,1.9983956837397379
-1705.5,1.9983956837397379
-1704.5999999999999,1.9983956837397379
-1703.6999999999998,1.9983956837397379
-1702.8,1.9983956837397379
-1701.8999999999999,1.9983956837397379
-1701,1.9983956837397379
-1700.0999999999999,1.9983956837397379
-1699.1999999999998,1.9983956837397379
-1698.3,1.9983956837397379
-1697.3999999999999,1.9983956837397379
-1696.5,1.9983956837397379
-1695.5999999999999,1.9983956837397379
-1694.6999999999998,1.9983956837397379
-1693.8,1.9983956837397379
-1692.8999999999999,1.9983956837397379
-1692,1.9983956837397379
-1691.0999999999999,1.9983956837397379
-1690.1999999999998,1.9983956837397379
-1689.3,1.9983956837397379
-1688.3999999999999,1.9983956837397379
-1687.5,1.9983956837397379
-1686.5999999999999,1.9983956837397379
-1685.6999999999998,1.9983956837397379
-1684.8,1.9983956837397379
-1683.8999999999999,1.9983956837397379
-1683,1.9983956837397379
-1682.0999999999999,1.9983956837397379
-1681.1999999999998,1.994684078421038
-1680.3,1.994684078421038
-1679.3999999999999,1.9983956837397379
-1678.5,1.9983956837397379
-1677.5999999999999,1.9983956837397379
-1676.6999999999998,1.9983956837397379
-1675.8,1.9983956837397379
-1674.8999999999999,1.9983956837397379
-1674,1.9983956837397379
-1673.0999999999999,1.9983956837397379
-1672.1999999999998,1.9983956837397379
-1671.3,1.9983956837397379
-1670.3999999999999,1.9983956837397379
-1669.5,1.9983956837397379
-1668.5999999999999,1.9983956837397379
-1667.6999999999998,1.9983956837397379
-1666.8,1.9983956837397379
-1665.8999999999999,1.9983956837397379
-1665,1.9983956837397379
-1664.0999999999999,1.9983956837397379
-1663.1999999999998,1.9983956837397379
-1662.3,1.9983956837397379
-1661.3999999999999,1.9983956837397379
-1660.5,1.9983956837397379
-1659.5999999999999,1.9983956837397379
-1658.6999999999998,1.9983956837397379
-1657.8,1.9983956837397379
-1656.8999999999999,1.9983956837397379
-1656,1.9983956837397379
-1655.0999999999999,1.9983956837397379
-1654.1999999999998,1.9983956837397379
-1653.3,1.9983956837397379
-1652.3999999999999,1.9983956837397379
-1651.5,1.9983956837397379
-1650.5999999999999,1.9983956837397379
-1649.6999999999998,1.9983956837397379
-1648.8,1.9983956837397379
-1647.8999999999999,1.9983956837397379
-1647,1.9983956837397379
-1646.0999999999999,1.9983956837397379
-1645.1999999999998,1.994684078421038
-1644.3,1.994684078421038
-1643.3999999999999,1.9983956837397379
-1642.5,1.9983956837397379
-1641.5999999999999,1.9983956837397379
-1640.6999999999998,1.9983956837397379
-1639.8,1.9983956837397379
-1638.8999999999999,1.9983956837397379
-1638,1.9983956837397379
-1637.0999999999999,1.9983956837397379
-1636.1999999999998,1.9983956837397379
-1635.3,1.9983956837397379
-1634.3999999999999,1.9983956837397379
-1633.5,1.9983956837397379
-1632.5999999999999,1.9983956837397379
-1631.6999999999998,1.9983956837397379
-1630.8,1.9983956837397379
-1629.8999999999999,1.9983956837397379
-1629,1.9983956837397379
-1628.0999999999999,1.9983956837397379
-1627.1999999999998,1.9983956837397379
-1626.3,1.9983956837397379
-1625.3999999999999,1.9983956837397379
-1624.5,1.9983956837397379
-1623.5999999999999,1.9983956837397379
-1622.6999999999998,1.9983956837397379
-1621.8,1.9983956837397379
-1620.8999999999999,1.9983956837397379
-1620,1.9983956837397379
-1619.0999999999999,1.9983956837397379
-1618.1999999999998,1.9983956837397379
-1617.3,1.9983956837397379
-1616.3999999999999,1.9983956837397379
-1615.5,1.9983956837397379
-1614.5999999999999,1.9983956837397379
-1613.6999999999998,1.9983956837397379
-1612.8,1.9983956837397379
-1611.8999999999999,1.9983956837397379
-1611,1.9983956837397379
-1610.0999999999999,1.9983956837397379
-1609.1999999999998,1.9983956837397379
-1608.3,1.9983956837397379
-1607.3999999999999,1.9983956837397379
-1606.5,1.9983956837397379
-1605.5999999999999,1.9983956837397379
-1604.6999999999998,1.9983956837397379
-1603.8,1.9983956837397379
-1602.8999999999999,1.9983956837397379
-1602,1.9983956837397379
-1601.0999999999999,1.9983956837397379
-1600.1999999999998,1.9983956837397379
-1599.3,1.9983956837397379
-1598.3999999999999,1.9983956837397379
-1597.5,1.9983956837397379
-1596.5999999999999,1.9983956837397379
-1595.6999999999998,1.9983956837397379
-1594.8,1.9983956837397379
-1593.8999999999999,1.9983956837397379
-1593,1.9983956837397379
-1592.0999999999999,1.9983956837397379
-1591.1999999999998,1.9983956837397379
-1590.3,1.9983956837397379
-1589.3999999999999,1.9983956837397379
-1588.5,1.9983956837397379
-1587.5999999999999,1.9983956837397379
-1586.6999999999998,1.9983956837397379
-1585.8,1.9983956837397379
-1584.8999999999999,1.9983956837397379
-1584,1.9983956837397379
-1583.0999999999999,1.9983956837397379
-1582.1999999999998,1.9983956837397379
-1581.3,1.9983956837397379
-1580.3999999999999,1.9983956837397379
-1579.5,1.9983956837397379
-1578.5999999999999,1.9983956837397379
-1577.6999999999998,1.9983956837397379
-1576.8,1.9983956837397379
-1575.8999999999999,1.9983956837397379
-1575,1.9983956837397379
-1574.0999999999999,1.9983956837397379
-1573.1999999999998,1.9983956837397379
-1572.3,1.9983956837397379
-1571.3999999999999,2.0021072890584373
-1570.5,2.0021072890584373
-1569.5999999999999,2.0021072890584373
-1568.6999999999998,1.9983956837397379
-1567.8,1.9983956837397379
-1566.8999999999999,2.0021072890584373
-1566,1.9983956837397379
-1565.0999999999999,1.9983956837397379
-1564.1999999999998,1.9983956837397379
-1563.3,1.9983956837397379
-1562.3999999999999,1.9983956837397379
-1561.5,1.9983956837397379
-1560.5999999999999,1.9983956837397379
-1559.6999999999998,1.9983956837397379
-1558.8,1.9983956837397379
-1557.8999999999999,1.9983956837397379
-1557,1.9983956837397379
-1556.0999999999999,2.0021072890584373
-1555.1999999999998,2.0021072890584373
-1554.3,2.0021072890584373
-1553.3999999999999,2.0021072890584373
-1552.5,2.0021072890584373
-1551.5999999999999,2.0021072890584373
-1550.6999999999998,1.9983956837397379
-1549.8,1.9983956837397379
-1548.8999999999999,2.0021072890584373
-1548,2.0021072890584373
-1547.0999999999999,2.0021072890584373
-1546.1999999999998,2.0021072890584373
-1545.3,2.0021072890584373
-1544.3999999999999,2.0021072890584373
-1543.5,2.0021072890584373
-1542.5999999999999,2.0021072890584373
-1541.6999999999998,2.0021072890584373
-1540.8,2.0021072890584373
-1539.8999999999999,2.0021072890584373
-1539,2.0021072890584373
-1538.0999999999999,2.0021072890584373
-1537.1999999999998,2.0021072890584373
-1536.3,2.0021072890584373
-1535.3999999999999,2.0021072890584373
-1534.5,2.0021072890584373
-1533.5999999999999,2.0021072890584373
-1532.7,2.0021072890584373
-1531.8,2.0021072890584373
-1530.8999999999999,2.0021072890584373
-1530,2.0021072890584373
-1529.0999999999999,2.0021072890584373
-1528.2,2.0021072890584373
-1527.3,2.0021072890584373
-1526.3999999999999,2.0021072890584373
-1525.5,2.0021072890584373
-1524.5999999999999,2.0021072890584373
-1523.7,2.0021072890584373
-1522.8,2.0021072890584373
-1521.8999999999999,2.0021072890584373
-1521,2.0021072890584373
-1520.0999999999999,2.0021072890584373
-1519.2,2.0021072890584373
-1518.3,2.0021072890584373
-1517.3999999999999,2.0021072890584373
-1516.5,2.0021072890584373
-1515.5999999999999,2.0021072890584373
-1514.7,2.0021072890584373
-1513.8,2.0021072890584373
-1512.8999999999999,2.0021072890584373
-1512,2.0021072890584373
-1511.0999999999999,2.0021072890584373
-1510.2,2.0021072890584373
-1509.3,2.0021072890584373
-1508.3999999999999,2.0021072890584373
-1507.5,2.0021072890584373
-1506.5999999999999,2.0021072890584373
-1505.7,2.0021072890584373
-1504.8,2.0021072890584373
-1503.8999999999999,2.0058188943771373
-1503,2.0021072890584373
-1502.0999999999999,2.0021072890584373
-1501.2,2.0058188943771373
-1500.3,2.0058188943771373
-1499.3999999999999,2.0058188943771373
-1498.5,2.0021072890584373
-1497.5999999999999,2.0058188943771373
-1496.7,2.0058188943771373
-1495.8,2.0058188943771373
-1494.8999999999999,2.0058188943771373
-1494,2.0021072890584373
-1493.0999999999999,2.0021072890584373
-1492.2,2.0058188943771373
-1491.3,2.0058188943771373
-1490.3999999999999,2.0058188943771373
-1489.5,2.0058188943771373
-1488.5999999999999,2.0058188943771373
-1487.7,2.0058188943771373
-1486.8,2.0058188943771373
-1485.8999999999999,2.0058188943771373
-1485,2.0058188943771373
-1484.0999999999999,2.0058188943771373
-1483.2,2.0058188943771373
-1482.3,2.0058188943771373
-1481.3999999999999,2.0058188943771373
-1480.5,2.0058188943771373
-1479.5999999999999,2.0058188943771373
-1478.7,2.0058188943771373
-1477.8,2.0058188943771373
-1476.8999999999999,2.0058188943771373
-1476,2.0058188943771373
-1475.0999999999999,2.0058188943771373
-1474.2,2.0058188943771373
-1473.3,2.0058188943771373
-1472.3999999999999,2.0058188943771373
-1471.5,2.0058188943771373
-1470.5999999999999,2.0058188943771373
-1469.7,2.0058188943771373
-1468.8,2.0058188943771373
-1467.8999999999999,2.0058188943771373
-1467,2.0058188943771373
-1466.0999999999999,2.0058188943771373
-1465.2,2.0058188943771373
-1464.3,2.0058188943771373
-1463.3999999999999,2.0058188943771373
-1462.5,2.0058188943771373
-1461.5999999999999,2.0058188943771373
-1460.7,2.0058188943771373
-1459.8,2.0058188943771373
-1458.8999999999999,2.0058188943771373
-1458,2.0058188943771373
-1457.0999999999999,2.0058188943771373
-1456.2,2.0058188943771373
-1455.3,2.0058188943771373
-1454.3999999999999,2.0058188943771373
-1453.5,2.0058188943771373
-1452.5999999999999,2.0058188943771373
-1451.7,2.0058188943771373
-1450.8,2.0058188943771373
-1449.8999999999999,2.0058188943771373
-1449,2.0058188943771373
-1448.0999999999999,2.0058188943771373
-1447.2,2.0058188943771373
-1446.3,2.0058188943771373
-1445.3999999999999,2.0058188943771373
-1444.5,2.0058188943771373
-1443.5999999999999,2.0058188943771373
-1442.7,2.0058188943771373
-1441.8,2.0058188943771373
-1440.8999999999999,2.0095304996958374
-1440,2.0095304996958374
-1439.0999999999999,2.0095304996958374
-1438.2,2.0095304996958374
-1437.3,2.0095304996958374
-1436.3999999999999,2.0095304996958374
-1435.5,2.0058188943771373
-1434.5999999999999,2.0095304996958374
-1433.7,2.0095304996958374
-1432.8,2.0095304996958374
-1431.8999999999999,2.0095304996958374
-1431,2.0095304996958374
-1430.0999999999999,2.0095304996958374
-1429.2,2.0095304996958374
-1428.3,2.0095304996958374
-1427.3999999999999,2.0095304996958374
-1426.5,2.0095304996958374
-1425.5999999999999,2.0095304996958374
-1424.7,2.0095304996958374
-1423.8,2.0095304996958374
-1422.8999999999999,2.0095304996958374
-1422,2.0095304996958374
-1421.0999999999999,2.0095304996958374
-1420.2,2.0095304996958374
-1419.3,2.0095304996958374
-1418.3999999999999,2.0095304996958374
-1417.5,2.0095304996958374
-1416.5999999999999,2.0095304996958374
-1415.7,2.0095304996958374
-1414.8,2.0095304996958374
-1413.8999999999999,2.0095304996958374
-1413,2.0095304996958374
-1412.0999999999999,2.0095304996958374
-1411.2,2.0095304996958374
-1410.3,2.0095304996958374
-1409.3999999999999,2.0095304996958374
-1408.5,2.0095304996958374
-1407.5999999999999,2.0095304996958374
-1406.7,2.0095304996958374
-1405.8,2.0095304996958374
-1404.8999999999999,2.0095304996958374
-1404,2.0095304996958374
-1403.0999999999999,2.0095304996958374
-1402.2,2.0095304996958374
-1401.3,2.0095304996958374
-1400.3999999999999,2.0095304996958374
-1399.5,2.0095304996958374
-1398.5999999999999,2.0095304996958374
-1397.7,2.0095304996958374
-1396.8,2.0095304996958374
-1395.8999999999999,2.0095304996958374
-1395,2.0095304996958374
-1394.0999999999999,2.0095304996958374
-1393.2,2.0095304996958374
-1392.3,2.0095304996958374
-1391.3999999999999,2.0095304996958374
-1390.5,2.0095304996958374
-1389.5999999999999,2.0095304996958374
-1388.7,2.0095304996958374
-1387.8,2.0095304996958374
-1386.8999999999999,2.0095304996958374
-1386,2.0095304996958374
-1385.0999999999999,2.0095304996958374
-1384.2,2.0095304996958374
-1383.3,2.0095304996958374
-1382.3999999999999,2.0095304996958374
-1381.5,2.0095304996958374
-1380.5999999999999,2.0095304996958374
-1379.7,2.0095304996958374
-1378.8,2.0095304996958374
-1377.8999999999999,2.0095304996958374
-1377,2.0095304996958374
-1376.0999999999999,2.0095304996958374
-1375.2,2.0095304996958374
-1374.3,2.0095304996958374
-1373.3999999999999,2.0095304996958374
-1372.5,2.0095304996958374
-1371.5999999999999,2.0095304996958374
-1370.7,2.0095304996958374
-1369.8,2.0095304996958374
-1368.8999999999999,2.0095304996958374
-1368,2.0095304996958374
-1367.0999999999999,2.0095304996958374
-1366.2,2.0095304996958374
-1365.3,2.0095304996958374
-1364.3999999999999,2.0095304996958374
-1363.5,2.0095304996958374
-1362.5999999999999,2.0095304996958374
-1361.7,2.0095304996958374
-1360.8,2.0095304996958374
-1359.8999999999999,2.0095304996958374
-1359,2.0095304996958374
-1358.0999999999999,2.0095304996958374
-1357.2,2.0095304996958374
-1356.3,2.0095304996958374
-1355.3999999999999,2.0095304996958374
-1354.5,2.0095304996958374
-1353.5999999999999,2.0095304996958374
-1352.7,2.0095304996958374
-1351.8,2.0095304996958374
-1350.8999999999999,2.0095304996958374
-1350,2.0132421050145366
-1349.0999999999999,2.0095304996958374
-1348.2,2.0095304996958374
-1347.3,2.0132421050145366
-1346.3999999999999,2.0095304996958374
-1345.5,2.0132421050145366
-1344.5999999999999,2.0132421050145366
-1343.7,2.0095304996958374
-1342.8,2.0095304996958374
-1341.8999999999999,2.0095304996958374
-1341,2.0095304996958374
-1340.0999999999999,2.0095304996958374
-1339.2,2.0095304996958374
-1338.3,2.0095304996958374
-1337.3999999999999,2.0095304996958374
-1336.5,2.0095304996958374
-1335.5999999999999,2.0095304996958374
-1334.7,2.0095304996958374
-1333.8,2.0095304996958374
-1332.8999999999999,2.0095304996958374
-1332,2.0095304996958374
-1331.0999999999999,2.0132421050145366
-1330.2,2.0132421050145366
-1329.3,2.0132421050145366
-1328.3999999999999,2.0132421050145366
-1327.5,2.0132421050145366
-1326.5999999999999,2.0132421050145366
-1325.7,2.0132421050145366
-1324.8,2.0132421050145366
-1323.8999999999999,2.0132421050145366
-1323,2.0132421050145366
-1322.0999999999999,2.0132421050145366
-1321.2,2.0132421050145366
-1320.3,2.0132421050145366
-1319.3999999999999,2.0132421050145366
-1318.5,2.0132421050145366
-1317.5999999999999,2.0132421050145366
-1316.7,2.0132421050145366
-1315.8,2.0132421050145366
-1314.8999999999999,2.0132421050145366
-1314,2.0132421050145366
-1313.0999999999999,2.0132421050145366
-1312.2,2.0132421050145366
-1311.3,2.0132421050145366
-1310.3999999999999,2.0132421050145366
-1309.5,2.0132421050145366
-1308.5999999999999,2.0132421050145366
-1307.7,2.0132421050145366
-1306.8,2.0132421050145366
-1305.8999999999999,2.0132421050145366
-1305,2.0132421050145366
-1304.0999999999999,2.0132421050145366
-1303.2,2.0132421050145366
-1302.3,2.0132421050145366
-1301.3999999999999,2.0132421050145366
-1300.5,2.0132421050145366
-1299.5999999999999,2.0132421050145366
-1298.7,2.0132421050145366
-1297.8,2.0132421050145366
-1296.8999999999999,2.0132421050145366
-1296,2.0132421050145366
-1295.0999999999999,2.0132421050145366
-1294.2,2.0132421050145366
-1293.3,2.0132421050145366
-1292.3999999999999,2.0132421050145366
-1291.5,2.0132421050145366
-1290.5999999999999,2.0132421050145366
-1289.7,2.0132421050145366
-1288.8,2.0132421050145366
-1287.8999999999999,2.0132421050145366
-1287,2.0132421050145366
-1286.0999999999999,2.0132421050145366
-1285.2,2.0132421050145366
-1284.3,2.0132421050145366
-1283.3999999999999,2.0132421050145366
-1282.5,2.0132421050145366
-1281.5999999999999,2.0132421050145366
-1280.7,2.0169537103332367
-1279.8,2.0132421050145366
-1278.8999999999999,2.0132421050145366
-1278,2.0132421050145366
-1277.0999999999999,2.0132421050145366
-1276.2,2.0169537103332367
-1275.3,2.0132421050145366
-1274.3999999999999,2.0132421050145366
-1273.5,2.0132421050145366
-1272.5999999999999,2.0132421050145366
-1271.7,2.0132421050145366
-1270.8,2.0132421050145366
-1269.8999999999999,2.0132421050145366
-1269,2.0132421050145366
-1268.0999999999999,2.0132421050145366
-1267.2,2.0132421050145366
-1266.3,2.0132421050145366
-1265.3999999999999,2.0169537103332367
-1264.5,2.0169537103332367
-1263.5999999999999,2.0169537103332367
-1262.7,2.0169537103332367
-1261.8,2.0169537103332367
-1260.8999999999999,2.0169537103332367
-1260,2.0132421050145366
-1259.0999999999999,2.0132421050145366
-1258.2,2.0132421050145366
-1257.3,2.0169537103332367
-1256.3999999999999,2.0169537103332367
-1255.5,2.0169537103332367
-1254.5999999999999,2.0169537103332367
-1253.7,2.0169537103332367
-1252.8,2.0169537103332367
-1251.8999999999999,2.0169537103332367
-1251,2.0169537103332367
-1250.0999999999999,2.0169537103332367
-1249.2,2.0169537103332367
-1248.3,2.0169537103332367
-1247.3999999999999,2.0169537103332367
-1246.5,2.0169537103332367
-1245.5999999999999,2.0169537103332367
-1244.7,2.0169537103332367
-1243.8,2.0169537103332367
-1242.8999999999999,2.0169537103332367
-1242,2.0169537103332367
-1241.0999999999999,2.0169537103332367
-1240.2,2.0169537103332367
-1239.3,2.0169537103332367
-1238.3999999999999,2.0169537103332367
-1237.5,2.0169537103332367
-1236.5999999999999,2.0169537103332367
-1235.7,2.0169537103332367
-1234.8,2.0169537103332367
-1233.8999999999999,2.0169537103332367
-1233,2.0169537103332367
-1232.0999999999999,2.0169537103332367
-1231.2,2.0169537103332367
-1230.3,2.0206653156519367
-1229.3999999999999,2.0206653156519367
-1228.5,2.0206653156519367
-1227.5999999999999,2.0206653156519367
-1226.7,2.0206653156519367
-1225.8,2.0169537103332367
-1224.8999999999999,2.0206653156519367
-1224,2.0169537103332367
-1223.0999999999999,2.0169537103332367
-1222.2,2.0169537103332367
-1221.3,2.0206653156519367
-1220.3999999999999,2.0206653156519367
-1219.5,2.0206653156519367
-1218.5999999999999,2.0206653156519367
-1217.7,2.0206653156519367
-1216.8,2.0206653156519367
-1215.8999999999999,2.0206653156519367
-1215,2.0206653156519367
-1214.0999999999999,2.0206653156519367
-1213.2,2.0206653156519367
-1212.3,2.0206653156519367
-1211.3999999999999,2.0206653156519367
-1210.5,2.0206653156519367
-1209.5999999999999,2.0206653156519367
-1208.7,2.0206653156519367
-1207.8,2.0206653156519367
-1206.8999999999999,2.0206653156519367
-1206,2.0206653156519367
-1205.0999999999999,2.0206653156519367
-1204.2,2.0206653156519367
-1203.3,2.0206653156519367
-1202.3999999999999,2.0206653156519367
-1201.5,2.0206653156519367
-1200.5999999999999,2.0206653156519367
-1199.7,2.0206653156519367
-1198.8,2.0206653156519367
-1197.8999999999999,2.0206653156519367
-1197,2.0206653156519367
-1196.0999999999999,2.0206653156519367
-1195.2,2.0206653156519367
-1194.3,2.0206653156519367
-1193.3999999999999,2.0206653156519367
-1192.5,2.0206653156519367
-1191.5999999999999,2.0206653156519367
-1190.7,2.0206653156519367
-1189.8,2.0206653156519367
-1188.8999999999999,2.0206653156519367
-1188,2.0206653156519367
-1187.0999999999999,2.0206653156519367
-1186.2,2.0206653156519367
-1185.3,2.0206653156519367
-1184.3999999999999,2.0206653156519367
-1183.5,2.0206653156519367
-1182.5999999999999,2.0206653156519367
-1181.7,2.0206653156519367
-1180.8,2.0206653156519367
-1179.8999999999999,2.0206653156519367
-1179,2.0206653156519367
-1178.0999999999999,2.0206653156519367
-1177.2,2.0206653156519367
-1176.3,2.0206653156519367
-1175.3999999999999,2.0206653156519367
-1174.5,2.0206653156519367
-1173.5999999999999,2.0206653156519367
-1172.7,2.0206653156519367
-1171.8,2.0206653156519367
-1170.8999999999999,2.0206653156519367
-1170,2.0206653156519367
-1169.0999999999999,2.0206653156519367
-1168.2,2.0206653156519367
-1167.3,2.0206653156519367
-1166.3999999999999,2.0206653156519367
-1165.5,2.0206653156519367
-1164.5999999999999,2.0206653156519367
-1163.7,2.0206653156519367
-1162.8,2.0206653156519367
-1161.8999999999999,2.0206653156519367
-1161,2.0206653156519367
-1160.0999999999999,2.0206653156519367
-1159.2,2.0206653156519367
-1158.3,2.0206653156519367
-1157.3999999999999,2.0243769209706368
